-- MySQL dump 10.11
--
-- Host: localhost    Database: mis
-- ------------------------------------------------------
-- Server version	5.0.84-log

/*!40101 SET @OLD_CHARACTER_SET_CLIENT=@@CHARACTER_SET_CLIENT */;
/*!40101 SET @OLD_CHARACTER_SET_RESULTS=@@CHARACTER_SET_RESULTS */;
/*!40101 SET @OLD_COLLATION_CONNECTION=@@COLLATION_CONNECTION */;
/*!40101 SET NAMES utf8 */;
/*!40103 SET @OLD_TIME_ZONE=@@TIME_ZONE */;
/*!40103 SET TIME_ZONE='+00:00' */;
/*!40014 SET @OLD_UNIQUE_CHECKS=@@UNIQUE_CHECKS, UNIQUE_CHECKS=0 */;
/*!40014 SET @OLD_FOREIGN_KEY_CHECKS=@@FOREIGN_KEY_CHECKS, FOREIGN_KEY_CHECKS=0 */;
/*!40101 SET @OLD_SQL_MODE=@@SQL_MODE, SQL_MODE='NO_AUTO_VALUE_ON_ZERO' */;
/*!40111 SET @OLD_SQL_NOTES=@@SQL_NOTES, SQL_NOTES=0 */;

--
-- Table structure for table `aclgroup`
--

DROP TABLE IF EXISTS `aclgroup`;
/*!40101 SET @saved_cs_client     = @@character_set_client */;
/*!40101 SET character_set_client = utf8 */;
CREATE TABLE `aclgroup` (
  `id` int(11) unsigned NOT NULL auto_increment,
  `name` varchar(50) NOT NULL,
  `description` varchar(255) NOT NULL,
  `datecreated` datetime NOT NULL,
  `createdby` int(11) unsigned NOT NULL,
  `lastupdatedate` datetime default NULL,
  `lastupdatedby` int(11) unsigned default NULL,
  PRIMARY KEY  (`id`),
  UNIQUE KEY `unique_name` (`name`),
  KEY `fk_group_createdby` (`createdby`),
  KEY `fk_group_lastupdatedby` (`lastupdatedby`),
  CONSTRAINT `fk_group_createdby` FOREIGN KEY (`createdby`) REFERENCES `useraccount` (`id`) ON DELETE CASCADE ON UPDATE CASCADE,
  CONSTRAINT `fk_group_lastupdatedby` FOREIGN KEY (`lastupdatedby`) REFERENCES `useraccount` (`id`) ON DELETE CASCADE ON UPDATE CASCADE
) ENGINE=InnoDB AUTO_INCREMENT=10 DEFAULT CHARSET=utf8;
/*!40101 SET character_set_client = @saved_cs_client */;

--
-- Dumping data for table `aclgroup`
--

LOCK TABLES `aclgroup` WRITE;
/*!40000 ALTER TABLE `aclgroup` DISABLE KEYS */;
INSERT INTO `aclgroup` (`id`, `name`, `description`, `datecreated`, `createdby`, `lastupdatedate`, `lastupdatedby`) VALUES (1,'Administrator','Has rights to system configuration','2011-01-01 12:00:00',1,'2011-11-28 15:35:40',2),(2,'Data Entry Clerk','Performs data entry transactions','2011-01-01 12:00:00',1,'2012-02-17 12:31:39',27),(3,'AMIA','Updates commodity prices for outlets located in their areas','2011-03-30 17:04:56',1,'2011-11-16 12:33:31',2),(4,'Management','Views Data and generates reports','2011-03-30 17:09:03',1,'2011-11-28 15:37:00',2),(5,'LAMIS','Submits prices for an organisation','2011-10-12 09:49:51',1,'2011-11-30 11:17:06',2),(6,'WFP','WFP User submits volumes and quantities for commodities','2011-10-12 09:49:51',1,NULL,NULL),(7,'AMITSA','AMITSA User submits agricultural inputs','2011-10-12 09:49:51',1,'2011-11-28 15:13:27',2),(8,'Subscriber','users who want read only access to AGMIS reports but cannot submit any information ','2011-10-17 17:31:26',1,NULL,NULL),(9,'NOGAMU','Data Entry of Organic Prices','2012-01-25 09:42:52',27,NULL,NULL);
/*!40000 ALTER TABLE `aclgroup` ENABLE KEYS */;
UNLOCK TABLES;

--
-- Table structure for table `aclpermission`
--

DROP TABLE IF EXISTS `aclpermission`;
/*!40101 SET @saved_cs_client     = @@character_set_client */;
/*!40101 SET character_set_client = utf8 */;
CREATE TABLE `aclpermission` (
  `id` int(11) unsigned NOT NULL auto_increment,
  `groupid` int(11) unsigned default NULL,
  `resourceid` int(11) unsigned NOT NULL,
  `create` enum('1','0') NOT NULL default '0',
  `edit` enum('1','0') NOT NULL default '0',
  `view` enum('1','0') NOT NULL default '0',
  `list` enum('1','0') NOT NULL default '0',
  `delete` enum('1','0') NOT NULL default '0',
  `export` enum('1','0') NOT NULL default '0',
  `approve` enum('1','0') NOT NULL default '0',
  `datecreated` datetime NOT NULL,
  `createdby` int(11) unsigned NOT NULL,
  `lastupdatedate` datetime default NULL,
  `lastupdatedby` int(11) unsigned default NULL,
  PRIMARY KEY  (`id`),
  KEY `fk_aclpermission_groupid` (`groupid`),
  KEY `fk_aclpermission_resourceid` (`resourceid`),
  KEY `fk_permission_createdby` (`createdby`),
  KEY `fk_permission_lastupdatedby` (`lastupdatedby`),
  CONSTRAINT `fk_aclpermission_groupid` FOREIGN KEY (`groupid`) REFERENCES `aclgroup` (`id`) ON DELETE CASCADE ON UPDATE CASCADE,
  CONSTRAINT `fk_aclpermission_resourceid` FOREIGN KEY (`resourceid`) REFERENCES `aclresource` (`id`) ON DELETE CASCADE ON UPDATE CASCADE,
  CONSTRAINT `fk_permission_createdby` FOREIGN KEY (`createdby`) REFERENCES `useraccount` (`id`) ON DELETE CASCADE ON UPDATE CASCADE,
  CONSTRAINT `fk_permission_lastupdatedby` FOREIGN KEY (`lastupdatedby`) REFERENCES `useraccount` (`id`) ON DELETE CASCADE ON UPDATE CASCADE
) ENGINE=InnoDB AUTO_INCREMENT=315 DEFAULT CHARSET=utf8;
/*!40101 SET character_set_client = @saved_cs_client */;

--
-- Dumping data for table `aclpermission`
--

LOCK TABLES `aclpermission` WRITE;
/*!40000 ALTER TABLE `aclpermission` DISABLE KEYS */;
INSERT INTO `aclpermission` (`id`, `groupid`, `resourceid`, `create`, `edit`, `view`, `list`, `delete`, `export`, `approve`, `datecreated`, `createdby`, `lastupdatedate`, `lastupdatedby`) VALUES (1,1,1,'0','0','1','1','0','1','0','2011-11-28 15:35:40',2,NULL,2),(2,1,2,'1','1','1','1','1','1','0','2011-11-28 15:35:40',2,NULL,2),(3,1,3,'1','1','1','1','1','1','0','2011-11-28 15:35:40',2,NULL,2),(4,1,4,'0','0','1','1','0','1','0','2011-11-28 15:35:40',2,NULL,2),(5,1,5,'1','1','1','1','1','1','0','2011-11-28 15:35:40',2,NULL,2),(6,2,1,'0','0','0','0','0','0','0','2012-02-17 12:31:39',27,NULL,27),(7,2,2,'0','0','0','0','0','0','0','2012-02-17 12:31:39',27,NULL,27),(8,2,3,'0','1','1','1','0','0','0','2012-02-17 12:31:39',27,NULL,27),(9,2,4,'0','0','0','0','0','0','0','2012-02-17 12:31:39',27,NULL,27),(10,2,5,'0','0','0','0','0','0','0','2012-02-17 12:31:39',27,NULL,27),(11,1,6,'0','0','1','0','0','0','0','2011-11-28 15:35:40',2,NULL,2),(12,2,6,'0','0','1','0','0','0','0','2012-02-17 12:31:39',27,NULL,27),(13,1,7,'1','1','1','1','0','0','0','2011-11-28 15:35:40',2,NULL,2),(14,2,8,'0','1','1','1','0','0','0','2012-02-17 12:31:39',27,NULL,27),(15,2,9,'0','1','1','1','0','0','0','2012-02-17 12:31:39',27,NULL,27),(16,2,10,'0','1','1','1','1','0','0','2012-02-17 12:31:39',27,NULL,27),(17,2,11,'0','1','1','1','0','0','0','2012-02-17 12:31:39',27,NULL,27),(18,2,12,'0','1','1','1','0','0','0','2012-02-17 12:31:39',27,NULL,27),(19,2,13,'0','1','1','1','0','0','0','2012-02-17 12:31:39',27,NULL,27),(20,1,8,'1','1','1','1','1','1','0','2011-11-28 15:35:40',2,NULL,2),(21,1,9,'1','1','1','1','1','1','0','2011-11-28 15:35:40',2,NULL,2),(22,1,10,'1','1','1','1','1','1','0','2011-11-28 15:35:40',2,NULL,2),(23,1,11,'1','1','1','1','1','1','0','2011-11-28 15:35:40',2,NULL,2),(24,1,12,'1','1','1','1','1','1','0','2011-11-28 15:35:40',2,NULL,2),(25,1,13,'1','1','1','1','1','1','0','2011-11-28 15:35:40',2,NULL,2),(26,1,14,'1','1','1','1','1','1','0','2011-11-28 15:35:40',2,NULL,2),(27,1,15,'1','1','1','1','1','1','0','2011-11-28 15:35:40',2,NULL,2),(28,2,14,'0','1','1','1','1','0','0','2012-02-17 12:31:39',27,NULL,27),(29,2,15,'0','1','1','1','1','0','0','2012-02-17 12:31:39',27,NULL,27),(30,1,16,'1','1','1','1','1','1','0','2011-11-28 15:35:40',2,NULL,2),(31,2,16,'0','1','1','1','1','0','0','2012-02-17 12:31:39',27,NULL,27),(32,1,17,'1','1','1','1','1','1','0','2011-11-28 15:35:40',2,NULL,2),(33,2,17,'0','1','1','1','1','0','0','2012-02-17 12:31:39',27,NULL,27),(34,1,18,'1','1','1','1','1','1','0','2011-11-28 15:35:40',2,NULL,2),(35,2,18,'0','1','1','1','0','0','0','2012-02-17 12:31:39',27,NULL,27),(36,2,7,'0','0','0','0','0','0','0','2012-02-17 12:31:39',27,NULL,27),(37,3,7,'0','0','0','0','0','0','0','2011-11-16 12:33:31',2,NULL,2),(38,3,4,'0','0','0','0','0','0','0','2011-11-16 12:33:31',2,NULL,2),(39,3,16,'0','0','1','1','0','0','0','2011-11-16 12:33:31',2,NULL,2),(40,3,15,'0','0','1','1','0','0','0','2011-11-16 12:33:31',2,NULL,2),(41,3,14,'0','0','1','1','0','0','0','2011-11-16 12:33:31',2,NULL,2),(42,3,17,'0','0','1','1','0','0','0','2011-11-16 12:33:31',2,NULL,2),(43,3,10,'0','0','1','1','0','0','0','2011-11-16 12:33:31',2,NULL,2),(44,3,6,'0','0','1','0','0','0','0','2011-11-16 12:33:31',2,NULL,2),(45,3,9,'0','0','1','1','0','0','0','2011-11-16 12:33:31',2,NULL,2),(46,3,1,'0','0','0','0','0','0','0','2011-11-16 12:33:31',2,NULL,2),(47,3,2,'0','0','0','0','0','0','0','2011-11-16 12:33:31',2,NULL,2),(48,3,12,'0','0','1','1','0','0','0','2011-11-16 12:33:31',2,NULL,2),(49,3,18,'0','0','1','1','0','0','0','2011-11-16 12:33:31',2,NULL,2),(50,3,8,'0','0','1','1','0','0','0','2011-11-16 12:33:31',2,NULL,2),(51,3,5,'0','0','0','0','0','0','0','2011-11-16 12:33:31',2,NULL,2),(52,3,11,'0','0','1','1','0','0','0','2011-11-16 12:33:31',2,NULL,2),(53,3,3,'0','1','1','0','0','0','0','2011-11-16 12:33:31',2,NULL,2),(54,3,13,'0','0','1','1','0','0','0','2011-11-16 12:33:31',2,NULL,2),(55,4,7,'1','1','1','1','0','0','0','2011-11-28 15:37:00',2,NULL,2),(56,4,4,'0','0','1','1','0','1','0','2011-11-28 15:37:00',2,NULL,2),(57,4,16,'1','1','1','1','0','1','0','2011-11-28 15:37:00',2,NULL,2),(58,4,15,'1','1','1','1','0','1','0','2011-11-28 15:37:00',2,NULL,2),(59,4,14,'1','1','1','1','0','1','0','2011-11-28 15:37:00',2,NULL,2),(60,4,17,'1','1','1','1','0','1','0','2011-11-28 15:37:00',2,NULL,2),(61,4,10,'1','1','1','1','0','1','0','2011-11-28 15:37:00',2,NULL,2),(62,4,6,'0','0','1','0','0','0','0','2011-11-28 15:37:00',2,NULL,2),(63,4,9,'1','1','1','1','0','1','0','2011-11-28 15:37:00',2,NULL,2),(64,4,1,'0','0','0','0','0','1','0','2011-11-28 15:37:00',2,NULL,2),(65,4,2,'0','0','0','0','0','1','0','2011-11-28 15:37:00',2,NULL,2),(66,4,12,'1','1','1','1','0','1','0','2011-11-28 15:37:00',2,NULL,2),(67,4,18,'1','1','1','1','0','1','0','2011-11-28 15:37:00',2,NULL,2),(68,4,8,'1','1','1','1','0','1','0','2011-11-28 15:37:00',2,NULL,2),(69,4,5,'1','1','1','1','0','1','0','2011-11-28 15:37:00',2,NULL,2),(70,4,11,'1','1','1','1','0','1','0','2011-11-28 15:37:00',2,NULL,2),(71,4,3,'1','1','1','1','0','1','0','2011-11-28 15:37:00',2,NULL,2),(72,4,13,'1','1','1','1','0','1','0','2011-11-28 15:37:00',2,NULL,2),(73,1,19,'1','1','1','1','1','1','0','2011-11-28 15:35:40',2,NULL,2),(74,2,19,'0','1','1','1','0','0','0','2012-02-17 12:31:39',27,NULL,27),(75,3,19,'1','1','1','1','1','0','0','2011-11-16 12:33:31',2,NULL,2),(76,4,19,'1','1','1','1','1','1','0','2011-11-28 15:37:00',2,NULL,2),(77,1,20,'1','1','1','1','1','1','1','2011-11-28 15:35:40',2,NULL,2),(78,2,20,'1','1','1','1','1','0','0','2012-02-17 12:31:39',27,NULL,27),(79,3,20,'1','1','1','1','1','0','0','2011-11-16 12:33:31',2,NULL,2),(80,4,20,'1','1','1','1','1','1','1','2011-11-28 15:37:00',2,NULL,2),(81,1,21,'0','0','1','0','0','0','0','2011-11-28 15:35:40',2,NULL,2),(82,2,21,'0','0','1','0','0','0','0','2012-02-17 12:31:39',27,NULL,27),(83,3,21,'0','0','1','0','0','0','0','2011-11-16 12:33:31',2,NULL,2),(84,4,21,'0','0','1','0','0','0','0','2011-11-28 15:37:00',2,NULL,2),(85,4,22,'1','1','1','1','0','0','0','2011-11-28 15:37:00',2,NULL,2),(86,1,22,'1','1','1','1','0','0','0','2011-11-28 15:35:40',2,NULL,2),(87,4,23,'1','1','1','1','0','0','0','2011-11-28 15:37:00',2,NULL,2),(88,1,23,'1','1','1','1','0','0','0','2011-11-28 15:35:40',2,NULL,2),(89,1,25,'0','0','1','0','0','0','0','2011-11-28 15:35:40',2,NULL,2),(91,4,25,'0','0','1','0','0','0','0','2011-11-28 15:37:00',2,NULL,2),(92,3,22,'0','0','1','1','0','0','0','2011-11-16 12:33:31',2,NULL,2),(93,3,23,'0','0','1','1','0','0','0','2011-11-16 12:33:31',2,NULL,2),(94,3,25,'0','0','0','0','0','0','0','2011-11-16 12:33:31',2,NULL,2),(95,1,28,'0','1','0','0','0','0','0','2011-11-28 15:35:40',2,NULL,2),(96,1,27,'0','1','0','0','0','0','0','2011-11-28 15:35:40',2,NULL,2),(97,4,28,'0','1','0','0','0','0','0','2011-11-28 15:37:00',2,NULL,2),(98,4,27,'0','1','0','0','0','0','0','2011-11-28 15:37:00',2,NULL,2),(99,1,29,'0','0','1','0','0','0','0','2011-11-28 15:35:40',2,NULL,2),(100,4,29,'0','0','1','0','0','0','0','2011-11-28 15:37:00',2,NULL,2),(101,1,30,'0','0','1','0','0','0','0','2011-11-28 15:35:40',2,NULL,2),(102,4,30,'0','0','1','0','0','0','0','2011-11-28 15:37:00',2,NULL,2),(103,1,31,'0','0','1','0','0','0','0','2011-11-28 15:35:40',2,NULL,2),(104,4,31,'0','0','1','0','0','0','0','2011-11-28 15:37:00',2,NULL,2),(105,2,23,'0','0','1','0','0','0','0','2012-02-17 12:31:39',27,NULL,27),(106,1,32,'1','1','1','1','1','1','1','2011-11-28 15:35:40',2,NULL,2),(107,2,32,'1','1','1','1','0','0','0','2012-02-17 12:31:39',27,NULL,27),(108,3,32,'1','1','1','1','1','0','0','2011-11-16 12:33:31',2,NULL,2),(109,4,32,'1','1','1','1','1','1','1','2011-11-28 15:37:00',2,NULL,2),(110,1,33,'1','1','1','1','1','1','1','2011-11-28 15:35:40',2,NULL,2),(111,2,33,'1','1','1','1','0','0','0','2012-02-17 12:31:39',27,NULL,27),(112,3,33,'1','1','1','1','1','0','0','2011-11-16 12:33:31',2,NULL,2),(113,4,33,'1','1','1','1','1','1','1','2011-11-28 15:37:00',2,NULL,2),(114,1,34,'1','1','1','1','1','1','1','2011-11-28 15:35:40',2,NULL,2),(115,2,34,'0','1','1','1','0','0','0','2012-02-17 12:31:39',27,NULL,27),(116,3,34,'1','1','1','1','1','0','0','2011-11-16 12:33:31',2,NULL,2),(117,4,34,'1','1','1','1','1','1','1','2011-11-28 15:37:00',2,NULL,2),(118,3,31,'0','0','0','0','0','0','0','2011-11-16 12:33:31',2,NULL,2),(119,3,28,'0','0','0','0','0','0','0','2011-11-16 12:33:31',2,NULL,2),(120,3,30,'0','0','0','0','0','0','0','2011-11-16 12:33:31',2,NULL,2),(121,3,27,'0','0','0','0','0','0','0','2011-11-16 12:33:31',2,NULL,2),(122,3,29,'0','0','0','0','0','0','0','2011-11-16 12:33:31',2,NULL,2),(123,2,35,'0','1','1','1','0','1','1','2012-02-17 12:31:39',27,NULL,27),(124,5,36,'0','0','0','0','0','0','0','2011-11-30 11:17:06',2,NULL,2),(125,5,1,'0','0','0','0','0','0','0','2011-11-30 11:17:06',2,NULL,2),(126,5,2,'0','0','0','0','0','0','0','2011-11-30 11:17:06',2,NULL,2),(127,5,3,'0','1','1','0','0','0','0','2011-11-30 11:17:07',2,NULL,2),(128,5,4,'0','0','0','0','0','0','0','2011-11-30 11:17:06',2,NULL,2),(129,5,5,'0','0','0','0','0','0','0','2011-11-30 11:17:06',2,NULL,2),(130,5,6,'0','0','1','0','0','0','0','2011-11-30 11:17:06',2,NULL,2),(131,5,7,'0','0','0','0','0','0','0','2011-11-30 11:17:06',2,NULL,2),(132,5,8,'0','0','1','1','0','0','0','2011-11-30 11:17:06',2,NULL,2),(133,5,9,'0','0','1','1','0','0','0','2011-11-30 11:17:06',2,NULL,2),(134,5,10,'0','0','1','1','0','0','0','2011-11-30 11:17:06',2,NULL,2),(135,5,11,'0','0','1','1','0','0','0','2011-11-30 11:17:06',2,NULL,2),(136,5,12,'0','0','1','1','0','0','0','2011-11-30 11:17:06',2,NULL,2),(137,5,13,'0','0','1','1','0','0','0','2011-11-30 11:17:07',2,NULL,2),(138,5,14,'0','0','1','1','0','0','0','2011-11-30 11:17:06',2,NULL,2),(139,5,15,'0','0','1','1','0','0','0','2011-11-30 11:17:06',2,NULL,2),(140,5,16,'0','0','1','1','0','0','0','2011-11-30 11:17:06',2,NULL,2),(141,5,17,'0','0','1','1','0','0','0','2011-11-30 11:17:06',2,NULL,2),(142,5,18,'0','0','1','1','0','0','0','2011-11-30 11:17:06',2,NULL,2),(143,5,19,'1','1','1','1','1','0','0','2011-11-30 11:17:06',2,NULL,2),(144,5,20,'1','1','1','1','1','0','0','2011-11-30 11:17:06',2,NULL,2),(145,5,21,'0','0','1','0','0','0','0','2011-11-30 11:17:06',2,NULL,2),(146,5,22,'0','0','1','1','0','0','0','2011-11-30 11:17:06',2,NULL,2),(147,5,23,'0','0','1','0','0','0','0','2011-11-30 11:17:06',2,NULL,2),(148,5,25,'0','0','1','0','0','0','0','2011-11-30 11:17:06',2,NULL,2),(149,5,27,'0','0','0','0','0','0','0','2011-11-30 11:17:06',2,NULL,2),(150,5,28,'0','0','0','0','0','0','0','2011-11-30 11:17:06',2,NULL,2),(151,5,29,'0','0','1','0','0','0','0','2011-11-30 11:17:06',2,NULL,2),(152,5,30,'0','0','1','0','0','0','0','2011-11-30 11:17:06',2,NULL,2),(153,5,31,'0','0','1','0','0','0','0','2011-11-30 11:17:06',2,NULL,2),(154,5,32,'0','0','0','0','0','0','0','2011-11-30 11:17:06',2,NULL,2),(155,5,33,'0','0','0','0','0','0','0','2011-11-30 11:17:06',2,NULL,2),(156,5,34,'0','0','0','0','0','0','0','2011-11-30 11:17:06',2,NULL,2),(157,1,36,'0','0','0','0','0','0','0','2011-11-28 15:35:40',2,NULL,2),(158,1,35,'1','1','1','1','1','1','1','2011-11-28 15:35:40',2,NULL,2),(161,4,36,'0','0','1','0','0','0','0','2011-11-28 15:37:00',2,NULL,2),(162,4,35,'1','1','1','1','0','0','0','2011-11-28 15:37:00',2,NULL,2),(163,5,35,'0','0','0','0','0','0','0','2011-11-30 11:17:06',2,NULL,2),(164,2,31,'0','0','0','0','0','0','0','2012-02-17 12:31:39',27,NULL,27),(165,2,28,'0','0','0','0','0','0','0','2012-02-17 12:31:39',27,NULL,27),(166,2,30,'0','0','0','0','0','0','0','2012-02-17 12:31:39',27,NULL,27),(167,2,22,'0','1','1','1','0','0','0','2012-02-17 12:31:39',27,NULL,27),(168,2,27,'0','0','0','0','0','0','0','2012-02-17 12:31:39',27,NULL,27),(169,2,29,'0','0','1','0','0','0','0','2012-02-17 12:31:39',27,NULL,27),(170,2,25,'0','0','0','0','0','0','0','2012-02-17 12:31:39',27,NULL,27),(171,2,36,'0','0','1','0','0','0','0','2012-02-17 12:31:39',27,NULL,27),(172,8,31,'0','0','1','0','0','0','0','2011-10-18 09:10:33',1,NULL,1),(173,8,7,'0','0','0','0','0','0','0','2011-10-18 09:10:33',1,NULL,1),(174,8,28,'0','0','0','0','0','0','0','2011-10-18 09:10:33',1,NULL,1),(175,8,4,'0','0','0','0','0','0','0','2011-10-18 09:10:33',1,NULL,1),(176,8,30,'0','0','1','0','0','0','0','2011-10-18 09:10:33',1,NULL,1),(177,8,16,'0','0','0','0','0','0','0','2011-10-18 09:10:33',1,NULL,1),(178,8,15,'0','0','0','0','0','0','0','2011-10-18 09:10:33',1,NULL,1),(179,8,14,'0','0','0','0','0','0','0','2011-10-18 09:10:33',1,NULL,1),(180,8,22,'0','0','0','0','0','0','0','2011-10-18 09:10:33',1,NULL,1),(181,8,17,'0','0','1','1','0','0','0','2011-10-18 09:10:33',1,NULL,1),(182,8,10,'0','0','0','0','0','0','0','2011-10-18 09:10:33',1,NULL,1),(183,8,6,'0','0','1','0','0','0','0','2011-10-18 09:10:33',1,NULL,1),(184,8,9,'0','0','0','0','0','0','0','2011-10-18 09:10:33',1,NULL,1),(185,8,27,'0','0','0','0','0','0','0','2011-10-18 09:10:33',1,NULL,1),(186,8,32,'0','0','1','1','0','0','0','2011-10-18 09:10:33',1,NULL,1),(187,8,1,'0','0','0','0','0','0','0','2011-10-18 09:10:33',1,NULL,1),(188,8,2,'0','0','0','0','0','0','0','2011-10-18 09:10:33',1,NULL,1),(189,8,20,'0','0','1','1','0','0','0','2011-10-18 09:10:33',1,NULL,1),(190,8,29,'0','0','1','0','0','0','0','2011-10-18 09:10:33',1,NULL,1),(191,8,25,'0','0','1','0','0','0','0','2011-10-18 09:10:33',1,NULL,1),(192,8,36,'0','0','0','0','0','0','0','2011-10-18 09:10:33',1,NULL,1),(193,8,19,'0','0','1','1','0','0','0','2011-10-18 09:10:33',1,NULL,1),(194,8,34,'0','0','1','1','0','0','0','2011-10-18 09:10:33',1,NULL,1),(195,8,35,'0','0','0','0','0','0','0','2011-10-18 09:10:33',1,NULL,1),(196,8,12,'0','0','0','0','0','0','0','2011-10-18 09:10:33',1,NULL,1),(197,8,18,'0','0','0','0','0','0','0','2011-10-18 09:10:33',1,NULL,1),(198,8,23,'0','0','0','0','0','0','0','2011-10-18 09:10:33',1,NULL,1),(199,8,8,'0','0','0','0','0','0','0','2011-10-18 09:10:33',1,NULL,1),(200,8,21,'0','0','1','0','0','0','0','2011-10-18 09:10:33',1,NULL,1),(201,8,33,'0','0','0','0','0','0','0','2011-10-18 09:10:33',1,NULL,1),(202,8,5,'0','0','0','0','0','0','0','2011-10-18 09:10:33',1,NULL,1),(203,8,11,'0','0','0','0','0','0','0','2011-10-18 09:10:33',1,NULL,1),(204,8,3,'0','0','0','0','0','0','0','2011-10-18 09:10:33',1,NULL,1),(205,8,13,'0','0','0','0','0','0','0','2011-10-18 09:10:33',1,NULL,1),(206,1,37,'0','0','1','0','0','0','0','2011-11-28 15:35:40',2,NULL,2),(207,3,37,'0','0','1','0','0','0','0','2011-11-16 12:33:31',2,NULL,2),(208,3,36,'0','0','0','0','0','0','0','2011-11-16 12:33:31',2,NULL,2),(209,3,35,'0','0','0','0','0','0','0','2011-11-16 12:33:31',2,NULL,2),(210,2,37,'0','0','1','0','0','0','0','2012-02-17 12:31:39',27,NULL,27),(211,5,37,'0','0','1','0','0','0','0','2011-11-30 11:17:06',2,NULL,2),(212,4,37,'0','0','1','0','0','0','0','2011-11-28 15:37:00',2,NULL,2),(213,1,38,'0','0','1','0','0','0','0','2011-11-28 15:35:40',2,NULL,2),(214,4,38,'0','0','1','0','0','0','0','2011-11-28 15:37:00',2,NULL,2),(215,2,38,'0','0','0','0','0','0','0','2012-02-17 12:31:39',27,NULL,27),(216,7,31,'0','0','0','0','0','0','0','2011-11-28 15:13:27',2,NULL,2),(217,7,7,'0','0','0','0','0','0','0','2011-11-28 15:13:27',2,NULL,2),(218,7,28,'0','0','0','0','0','0','0','2011-11-28 15:13:27',2,NULL,2),(219,7,4,'0','0','0','0','0','0','0','2011-11-28 15:13:27',2,NULL,2),(220,7,30,'0','0','0','0','0','0','0','2011-11-28 15:13:27',2,NULL,2),(221,7,16,'0','0','1','1','0','0','0','2011-11-28 15:13:27',2,NULL,2),(222,7,15,'0','0','1','1','0','0','0','2011-11-28 15:13:27',2,NULL,2),(223,7,14,'0','0','1','1','0','0','0','2011-11-28 15:13:27',2,NULL,2),(224,7,22,'0','0','1','1','0','0','0','2011-11-28 15:13:27',2,NULL,2),(225,7,17,'0','0','1','1','0','0','0','2011-11-28 15:13:27',2,NULL,2),(226,7,10,'0','0','1','1','0','0','0','2011-11-28 15:13:27',2,NULL,2),(227,7,6,'0','0','1','0','0','0','0','2011-11-28 15:13:27',2,NULL,2),(228,7,37,'0','0','1','0','0','0','0','2011-11-28 15:13:27',2,NULL,2),(229,7,9,'0','0','1','1','0','0','0','2011-11-28 15:13:27',2,NULL,2),(230,7,27,'0','0','0','0','0','0','0','2011-11-28 15:13:27',2,NULL,2),(231,7,32,'0','0','1','1','0','0','0','2011-11-28 15:13:27',2,NULL,2),(232,7,39,'1','1','1','1','1','0','0','2011-11-28 15:13:27',2,NULL,2),(233,7,1,'0','0','0','0','0','0','0','2011-11-28 15:13:27',2,NULL,2),(234,7,2,'0','0','0','0','0','0','0','2011-11-28 15:13:27',2,NULL,2),(235,7,20,'0','0','1','1','0','0','0','2011-11-28 15:13:27',2,NULL,2),(236,7,29,'0','0','0','0','0','0','0','2011-11-28 15:13:27',2,NULL,2),(237,7,38,'0','0','0','0','0','0','0','2011-11-28 15:13:27',2,NULL,2),(238,7,25,'0','0','0','0','0','0','0','2011-11-28 15:13:27',2,NULL,2),(239,7,36,'0','0','0','0','0','0','0','2011-11-28 15:13:27',2,NULL,2),(240,7,19,'1','1','1','1','1','0','0','2011-11-28 15:13:27',2,NULL,2),(241,7,34,'0','0','1','1','0','0','0','2011-11-28 15:13:27',2,NULL,2),(242,7,35,'0','0','0','0','0','0','0','2011-11-28 15:13:27',2,NULL,2),(243,7,12,'0','0','1','1','0','0','0','2011-11-28 15:13:27',2,NULL,2),(244,7,18,'0','0','1','1','0','0','0','2011-11-28 15:13:27',2,NULL,2),(245,7,23,'0','0','1','1','0','0','0','2011-11-28 15:13:27',2,NULL,2),(246,7,8,'0','0','1','1','0','0','0','2011-11-28 15:13:27',2,NULL,2),(247,7,21,'0','0','1','0','0','0','0','2011-11-28 15:13:27',2,NULL,2),(248,7,33,'0','0','1','1','0','0','0','2011-11-28 15:13:27',2,NULL,2),(249,7,5,'0','0','0','0','0','0','0','2011-11-28 15:13:27',2,NULL,2),(250,7,11,'0','0','1','1','0','0','0','2011-11-28 15:13:27',2,NULL,2),(251,7,3,'0','1','1','0','0','0','0','2011-11-28 15:13:27',2,NULL,2),(252,7,13,'0','0','1','1','0','0','0','2011-11-28 15:13:27',2,NULL,2),(253,1,39,'1','1','1','1','1','0','1','2011-11-28 15:35:40',2,NULL,2),(254,2,39,'0','1','1','1','0','0','0','2012-02-17 12:31:39',27,NULL,27),(255,4,39,'1','1','1','1','1','0','1','2011-11-28 15:37:00',2,NULL,2),(256,5,39,'0','0','0','0','0','0','0','2011-11-30 11:17:06',2,NULL,2),(257,5,38,'0','0','0','0','0','0','0','2011-11-30 11:17:06',2,NULL,2),(258,2,40,'0','1','1','1','0','0','0','2012-02-17 12:31:39',27,NULL,27),(259,4,40,'1','1','1','1','1','0','0','2011-12-06 09:29:25',2,NULL,2),(260,1,40,'1','1','1','1','1','0','0','2011-12-06 09:32:50',2,NULL,2),(261,1,41,'0','0','1','0','0','0','0','2011-11-28 15:35:40',2,NULL,2),(262,4,41,'0','0','1','0','0','0','0','2011-11-28 15:35:40',2,NULL,2),(263,1,42,'0','0','1','0','0','0','0','2011-11-28 15:35:40',2,NULL,2),(264,4,42,'0','0','1','0','0','0','0','2011-11-28 15:35:40',2,NULL,2),(265,1,43,'0','0','1','0','0','0','0','2011-11-28 15:35:40',2,NULL,2),(266,4,43,'0','0','1','0','0','0','0','2011-11-28 15:35:40',2,NULL,2),(267,1,44,'0','0','1','0','0','0','0','2011-11-28 15:35:40',2,NULL,2),(268,4,44,'0','0','1','0','0','0','0','2011-11-28 15:35:40',2,NULL,2),(269,9,31,'0','0','0','0','0','0','0','2012-01-25 09:42:52',27,NULL,NULL),(270,9,7,'0','0','0','0','0','0','0','2012-01-25 09:42:52',27,NULL,NULL),(271,9,28,'0','0','0','0','0','0','0','2012-01-25 09:42:52',27,NULL,NULL),(272,9,4,'0','0','0','0','0','0','0','2012-01-25 09:42:52',27,NULL,NULL),(273,9,30,'0','0','0','0','0','0','0','2012-01-25 09:42:52',27,NULL,NULL),(274,9,16,'0','0','0','0','0','0','0','2012-01-25 09:42:52',27,NULL,NULL),(275,9,15,'0','0','1','1','0','0','0','2012-01-25 09:42:52',27,NULL,NULL),(276,9,14,'0','0','1','1','0','0','0','2012-01-25 09:42:52',27,NULL,NULL),(277,9,22,'0','0','1','1','0','0','0','2012-01-25 09:42:52',27,NULL,NULL),(278,9,17,'0','0','1','1','0','0','0','2012-01-25 09:42:52',27,NULL,NULL),(279,9,10,'0','0','1','1','0','0','0','2012-01-25 09:42:52',27,NULL,NULL),(280,9,42,'0','0','0','0','0','0','0','2012-01-25 09:42:52',27,NULL,NULL),(281,9,41,'0','0','0','0','0','0','0','2012-01-25 09:42:52',27,NULL,NULL),(282,9,6,'0','0','1','0','0','0','0','2012-01-25 09:42:52',27,NULL,NULL),(283,9,37,'0','0','1','0','0','0','0','2012-01-25 09:42:52',27,NULL,NULL),(284,9,9,'0','0','1','1','0','0','0','2012-01-25 09:42:52',27,NULL,NULL),(285,9,27,'0','0','0','0','0','0','0','2012-01-25 09:42:52',27,NULL,NULL),(286,9,32,'0','0','1','1','0','0','0','2012-01-25 09:42:52',27,NULL,NULL),(287,9,44,'0','0','0','0','0','0','0','2012-01-25 09:42:52',27,NULL,NULL),(288,9,43,'0','0','0','0','0','0','0','2012-01-25 09:42:52',27,NULL,NULL),(289,9,39,'0','0','1','1','0','0','0','2012-01-25 09:42:52',27,NULL,NULL),(290,9,1,'0','0','0','0','0','0','0','2012-01-25 09:42:52',27,NULL,NULL),(291,9,2,'0','0','0','0','0','0','0','2012-01-25 09:42:52',27,NULL,NULL),(292,9,40,'0','0','0','0','0','0','0','2012-01-25 09:42:52',27,NULL,NULL),(293,9,20,'0','0','1','1','0','0','0','2012-01-25 09:42:52',27,NULL,NULL),(294,9,29,'0','0','0','0','0','0','0','2012-01-25 09:42:52',27,NULL,NULL),(295,9,38,'0','0','0','0','0','0','0','2012-01-25 09:42:52',27,NULL,NULL),(296,9,25,'0','0','0','0','0','0','0','2012-01-25 09:42:52',27,NULL,NULL),(297,9,36,'0','0','0','0','0','0','0','2012-01-25 09:42:52',27,NULL,NULL),(298,9,19,'1','1','1','1','1','0','0','2012-01-25 09:42:52',27,NULL,NULL),(299,9,34,'1','1','1','1','1','0','0','2012-01-25 09:42:52',27,NULL,NULL),(300,9,35,'0','0','0','0','0','0','0','2012-01-25 09:42:52',27,NULL,NULL),(301,9,12,'0','0','1','1','0','0','0','2012-01-25 09:42:52',27,NULL,NULL),(302,9,18,'0','0','1','1','0','0','0','2012-01-25 09:42:52',27,NULL,NULL),(303,9,23,'0','0','1','1','0','0','0','2012-01-25 09:42:52',27,NULL,NULL),(304,9,8,'0','0','1','1','0','0','0','2012-01-25 09:42:52',27,NULL,NULL),(305,9,21,'0','0','1','0','0','0','0','2012-01-25 09:42:52',27,NULL,NULL),(306,9,33,'0','0','1','1','0','0','0','2012-01-25 09:42:52',27,NULL,NULL),(307,9,5,'0','0','0','0','0','0','0','2012-01-25 09:42:52',27,NULL,NULL),(308,9,11,'0','0','1','1','0','0','0','2012-01-25 09:42:52',27,NULL,NULL),(309,9,3,'0','1','1','0','0','0','0','2012-01-25 09:42:52',27,NULL,NULL),(310,9,13,'0','0','1','1','0','0','0','2012-01-25 09:42:52',27,NULL,NULL),(311,2,42,'0','0','0','0','0','0','0','2012-02-17 12:31:39',27,NULL,27),(312,2,41,'0','0','1','0','0','0','0','2012-02-17 12:31:39',27,NULL,27),(313,2,44,'0','0','0','0','0','0','0','2012-02-17 12:31:39',27,NULL,27),(314,2,43,'0','0','0','0','0','0','0','2012-02-17 12:31:39',27,NULL,27);
/*!40000 ALTER TABLE `aclpermission` ENABLE KEYS */;
UNLOCK TABLES;

--
-- Table structure for table `aclresource`
--

DROP TABLE IF EXISTS `aclresource`;
/*!40101 SET @saved_cs_client     = @@character_set_client */;
/*!40101 SET character_set_client = utf8 */;
CREATE TABLE `aclresource` (
  `id` int(11) unsigned NOT NULL auto_increment,
  `name` varchar(50) NOT NULL,
  `description` varchar(255) NOT NULL,
  `create` enum('1','0') NOT NULL default '0',
  `edit` enum('1','0') NOT NULL default '0',
  `view` enum('1','0') NOT NULL default '0',
  `list` enum('1','0') NOT NULL default '0',
  `delete` enum('1','0') NOT NULL default '0',
  `approve` enum('1','0') NOT NULL default '0',
  `export` enum('1','0') NOT NULL default '0',
  `datecreated` datetime NOT NULL,
  `createdby` int(11) unsigned NOT NULL,
  `lastupdatedate` datetime default NULL,
  `lastupdatedby` int(11) unsigned default NULL,
  PRIMARY KEY  (`id`),
  KEY `fk_resource_createdby` (`createdby`),
  KEY `fk_resource_lastupdatedby` (`lastupdatedby`),
  CONSTRAINT `fk_resource_createdby` FOREIGN KEY (`createdby`) REFERENCES `useraccount` (`id`) ON DELETE CASCADE ON UPDATE CASCADE,
  CONSTRAINT `fk_resource_lastupdatedby` FOREIGN KEY (`lastupdatedby`) REFERENCES `useraccount` (`id`) ON DELETE CASCADE ON UPDATE CASCADE
) ENGINE=InnoDB AUTO_INCREMENT=45 DEFAULT CHARSET=utf8;
/*!40101 SET character_set_client = @saved_cs_client */;

--
-- Dumping data for table `aclresource`
--

LOCK TABLES `aclresource` WRITE;
/*!40000 ALTER TABLE `aclresource` DISABLE KEYS */;
INSERT INTO `aclresource` (`id`, `name`, `description`, `create`, `edit`, `view`, `list`, `delete`, `approve`, `export`, `datecreated`, `createdby`, `lastupdatedate`, `lastupdatedby`) VALUES (1,'Lookup Type','Look up types','0','0','1','1','0','0','1','2011-01-01 12:00:00',1,NULL,NULL),(2,'Lookup Value','Values for the lookup type','1','1','1','1','1','0','1','2011-01-01 12:00:00',1,NULL,NULL),(3,'User Account','A user within the application','1','1','1','1','1','0','1','2011-01-01 12:00:00',1,NULL,NULL),(4,'Audit Trail','Log of selected transactions within the application','0','0','1','1','0','0','1','2011-01-01 12:00:00',1,NULL,NULL),(5,'Role','Actions a member can execute on resources','1','1','1','1','1','0','1','2011-01-01 12:00:00',1,NULL,NULL),(6,'Dashboard','user dashboard','0','0','1','0','0','0','0','2011-02-11 13:22:16',1,NULL,NULL),(7,'Application Settings','Application Administration','1','1','1','1','0','0','0','2011-03-28 10:45:42',1,NULL,NULL),(8,'Region','Regions in Uganda','1','1','1','1','1','0','1','2011-03-28 13:37:09',1,NULL,NULL),(9,'District','','1','1','1','1','1','0','1','2011-03-28 13:38:17',1,NULL,NULL),(10,'County','','1','1','1','1','1','0','1','2011-03-28 13:45:46',1,NULL,NULL),(11,'Subcounty','','1','1','1','1','1','0','1','2011-03-28 13:46:01',1,NULL,NULL),(12,'Parish','','1','1','1','1','1','0','1','2011-03-28 13:46:24',1,NULL,NULL),(13,'Village','','1','1','1','1','1','0','1','2011-03-28 13:46:38',1,NULL,NULL),(14,'Commodity Category','Category for classifying commodities','1','1','1','1','1','0','1','2011-03-28 19:38:57',1,NULL,NULL),(15,'Commodity','commodity on which prices are submitted','1','1','1','1','1','0','1','2011-03-28 19:39:26',1,NULL,NULL),(16,'Business Directory Category','category within the business directory','1','1','1','1','1','0','1','2011-03-28 19:39:26',1,NULL,NULL),(17,'Contact','contact person or organization in business directory','1','1','1','1','1','0','1','2011-03-28 19:39:26',1,NULL,NULL),(18,'Price Category','different types of prices that a commodity can have','1','1','1','1','1','0','1','2011-03-28 19:39:26',1,NULL,NULL),(19,'Offer','offers to buy and sell commodities','1','1','1','1','1','0','1','2011-03-28 19:39:26',1,NULL,NULL),(20,'Market Price','Commodity prices from Markets','1','1','1','1','1','1','1','2011-01-01 12:00:00',1,NULL,NULL),(21,'Report','Overview page for the different reports available','0','0','1','0','0','0','0','2011-01-01 12:00:00',1,NULL,NULL),(22,'Commodity Unit','units of measure for the different commodities','1','1','1','1','0','0','0','2011-01-01 12:00:00',1,NULL,NULL),(23,'Price Source','A source of price information','1','1','1','1','0','0','0','2011-01-01 12:00:00',1,NULL,NULL),(25,'Market Prices Report','Market Prices Report','0','0','1','0','0','0','0','2011-04-13 19:07:47',1,NULL,NULL),(27,'Expired Offer','Offer whose expiry date has reached','0','1','0','0','0','0','0','2011-04-26 17:09:22',1,NULL,NULL),(28,'Approved Price','Commodity prices that have been approved','0','1','0','0','0','0','0','2011-04-26 17:10:18',1,NULL,NULL),(29,'Market Price Comparison Report','Graph comparing wholesale and retail commodity prices in different markets over time','0','0','1','0','0','0','0','2011-04-13 19:07:47',1,NULL,NULL),(30,'Average Market Prices Summary Report','Graph shoing average wholesale and retail commodity prices in different markets over time','0','0','1','0','0','0','0','2011-04-13 19:07:47',1,NULL,NULL),(31,'Aggregated Market Prices Detail Report','Report showing min, max, average and S.D for wholesale and retail commodity prices in different markets over time','0','0','1','0','0','0','0','2011-04-13 19:07:47',1,NULL,NULL),(32,'Fuel Price','Fuel prices','1','1','1','1','1','1','1','2011-05-20 12:55:40',1,NULL,NULL),(33,'Retail Price','Retail Prices for commodities','1','1','1','1','1','1','1','2011-05-20 12:57:12',1,NULL,NULL),(34,'Organic Price','Organic Prices for commodities','1','1','1','1','1','1','1','2011-05-20 12:57:12',1,NULL,NULL),(35,'Organisation','','1','1','1','1','1','1','1','2011-10-10 16:30:46',1,NULL,NULL),(36,'Multiple Price Sources','Submission of prices from multiple markets','0','0','1','0','0','0','0','2011-10-12 09:51:23',1,NULL,NULL),(37,'Data Entry','','0','0','1','0','0','0','0','2011-10-23 15:34:39',1,NULL,NULL),(38,'Market Prices Detail Report','','0','0','1','0','0','0','0','2011-10-23 15:34:39',1,NULL,NULL),(39,'Input Price','Input Prices for commodities','1','1','1','1','1','1','1','2011-05-20 12:57:12',1,NULL,NULL),(40,'Market Analysis Report','weekly market analysis report','1','1','1','1','1','0','0','2011-12-06 09:25:37',1,NULL,NULL),(41,'Current Market Prices Report','Report showing the current prices for market commoditites','0','0','1','0','0','0','0','2011-04-13 19:07:47',1,NULL,NULL),(42,'Current Fuel Prices Report','Report showing the current prices for fuel','0','0','1','0','0','0','0','2011-04-13 19:07:47',1,NULL,NULL),(43,'Historical Market Prices Report','Report showing the historical market prices','0','0','1','0','0','0','0','2011-04-13 19:07:47',1,NULL,NULL),(44,'Historical Fuel Prices Report','Report showing the historical fuel prices','0','0','1','0','0','0','0','2011-04-13 19:07:47',1,NULL,NULL);
/*!40000 ALTER TABLE `aclresource` ENABLE KEYS */;
UNLOCK TABLES;

--
-- Table structure for table `aclusergroup`
--

DROP TABLE IF EXISTS `aclusergroup`;
/*!40101 SET @saved_cs_client     = @@character_set_client */;
/*!40101 SET character_set_client = utf8 */;
CREATE TABLE `aclusergroup` (
  `id` int(11) unsigned NOT NULL auto_increment,
  `groupid` int(11) unsigned NOT NULL,
  `userid` int(11) unsigned default NULL,
  PRIMARY KEY  (`id`),
  UNIQUE KEY `unique_group_user` (`groupid`,`userid`),
  KEY `fk_aclusergroup_userid` (`userid`),
  CONSTRAINT `fk_aclusergroup_groupid` FOREIGN KEY (`groupid`) REFERENCES `aclgroup` (`id`) ON DELETE CASCADE ON UPDATE CASCADE,
  CONSTRAINT `fk_aclusergroup_userid` FOREIGN KEY (`userid`) REFERENCES `useraccount` (`id`) ON DELETE CASCADE ON UPDATE CASCADE
) ENGINE=InnoDB AUTO_INCREMENT=93 DEFAULT CHARSET=utf8;
/*!40101 SET character_set_client = @saved_cs_client */;

--
-- Dumping data for table `aclusergroup`
--

LOCK TABLES `aclusergroup` WRITE;
/*!40000 ALTER TABLE `aclusergroup` DISABLE KEYS */;
INSERT INTO `aclusergroup` (`id`, `groupid`, `userid`) VALUES (1,1,1),(2,1,2),(48,1,47),(30,2,30),(32,2,31),(62,2,60),(72,2,70),(5,3,5),(7,3,7),(8,3,8),(9,3,9),(10,3,10),(11,3,11),(12,3,12),(13,3,13),(14,3,14),(15,3,15),(16,3,16),(17,3,17),(18,3,18),(19,3,19),(20,3,20),(21,3,21),(22,3,22),(23,3,23),(24,3,24),(25,3,25),(26,3,26),(35,3,34),(42,3,41),(43,3,42),(44,3,43),(56,3,54),(68,3,66),(70,3,68),(71,3,69),(85,3,82),(86,3,83),(88,3,84),(4,4,4),(27,4,27),(28,4,28),(29,4,29),(74,4,30),(54,4,44),(3,5,3),(45,5,44),(47,5,46),(49,5,48),(50,5,49),(51,5,50),(52,5,51),(53,5,52),(46,7,45),(87,7,83),(89,7,84),(55,8,53),(57,8,55),(58,8,56),(59,8,57),(61,8,59),(63,8,61),(64,8,62),(65,8,63),(66,8,64),(67,8,65),(69,8,67),(73,8,71),(75,8,72),(76,8,73),(77,8,74),(78,8,75),(79,8,76),(80,8,77),(81,8,78),(82,8,79),(83,8,80),(84,8,81),(90,8,85),(91,8,86),(92,8,87),(60,9,58);
/*!40000 ALTER TABLE `aclusergroup` ENABLE KEYS */;
UNLOCK TABLES;

--
-- Table structure for table `appconfig`
--

DROP TABLE IF EXISTS `appconfig`;
/*!40101 SET @saved_cs_client     = @@character_set_client */;
/*!40101 SET character_set_client = utf8 */;
CREATE TABLE `appconfig` (
  `id` int(11) unsigned NOT NULL auto_increment,
  `section` varchar(50) NOT NULL default '',
  `optionname` varchar(50) NOT NULL,
  `description` varchar(255) NOT NULL,
  `optionvalue` varchar(255) default '',
  `optiontype` varchar(15) default '',
  `active` enum('Y','N') NOT NULL default 'Y',
  `datecreated` datetime NOT NULL,
  `createdby` int(11) unsigned NOT NULL,
  `lastupdatedate` datetime default NULL,
  `lastupdatedby` int(11) unsigned default NULL,
  PRIMARY KEY  (`id`),
  KEY `fk_appconfig_createdby` USING BTREE (`createdby`),
  KEY `fk_appconfig_lastupdatedby` USING BTREE (`lastupdatedby`),
  CONSTRAINT `fk_appconfig_createdby` FOREIGN KEY (`createdby`) REFERENCES `useraccount` (`id`) ON DELETE CASCADE ON UPDATE CASCADE,
  CONSTRAINT `fk_appconfig_lastupdatedby` FOREIGN KEY (`lastupdatedby`) REFERENCES `useraccount` (`id`) ON DELETE CASCADE ON UPDATE CASCADE
) ENGINE=InnoDB AUTO_INCREMENT=41 DEFAULT CHARSET=utf8;
/*!40101 SET character_set_client = @saved_cs_client */;

--
-- Dumping data for table `appconfig`
--

LOCK TABLES `appconfig` WRITE;
/*!40000 ALTER TABLE `appconfig` DISABLE KEYS */;
INSERT INTO `appconfig` (`id`, `section`, `optionname`, `description`, `optionvalue`, `optiontype`, `active`, `datecreated`, `createdby`, `lastupdatedate`, `lastupdatedby`) VALUES (1,'backup','retentionperiod','','30','int','Y','2011-05-18 08:59:47',1,NULL,NULL),(2,'backup','scriptfolder','The path relative to the APPLICATION_PATH variable, use a starting / since the variable is a folder name','/backup/scripts','text','Y','2011-05-18 09:00:12',1,NULL,NULL),(3,'backup','usegzip','Whether to use gzip compression or not, options are yes and no','no','text','Y','2011-05-18 09:49:32',1,NULL,NULL),(4,'backup','removesqlfile','Remove SQL file after processing, options are yes and no','no','text','Y','2011-05-18 09:50:49',1,NULL,NULL),(5,'backup','sendemail','Send backup via email, options are yes and no','no','text','Y','2011-05-18 09:51:20',1,NULL,NULL),(6,'currency','defaultsymbol','','Shs','text','Y','2011-05-18 09:51:50',1,NULL,NULL),(7,'currency','default','','Shs','text','Y','2011-05-18 09:52:09',1,NULL,NULL),(8,'currency','decimalplaces','','0','int','Y','2011-05-18 09:52:35',1,NULL,NULL),(9,'currency','mincurrencyvalue','','50','decimal','Y','2011-05-18 09:53:11',1,NULL,NULL),(10,'currency','maxcurrencyvalue','','10000000','decimal','Y','2011-05-18 09:53:50',1,NULL,NULL),(11,'contact','defaultcontacttype','','1','int','Y','2011-05-18 09:54:16',1,NULL,NULL),(12,'dateandtime','shortformat','','d/m/Y','text','Y','2011-05-18 09:54:47',1,NULL,NULL),(13,'dateandtime','mediumformat','','M j, Y','text','Y','2011-05-18 09:55:09',1,NULL,NULL),(14,'dateandtime','longformat','','l, j F Y','text','Y','2011-05-18 09:55:32',1,NULL,NULL),(15,'dateandtime','mysqlformat','','%d/%m/%Y','text','Y','2011-05-18 09:56:03',1,NULL,NULL),(16,'dateandtime','mysqlmediumformat','','%b %d, %Y','text','Y','2011-05-18 09:56:35',1,NULL,NULL),(17,'dateandtime','mysqldateandtimeformat','','%m/%d/%Y - %H:%i:%s','text','Y','2011-05-18 09:58:56',1,NULL,NULL),(18,'dateandtime','javascriptshortformat','','dd/m/yy','text','Y','2011-05-18 10:49:11',1,NULL,NULL),(20,'dateandtime','javascriptmediumformat','','M dd, yy','text','Y','2011-05-18 10:50:03',1,NULL,NULL),(21,'dateandtime','manyyearsrange','','110','int','Y','2011-05-18 10:51:23',1,NULL,NULL),(22,'dateandtime','reportgenerationtimestamp','','l F d, Y h:i:s A e','text','Y','2011-05-18 10:52:27',1,NULL,NULL),(23,'dateandtime','audittraildatetimeformat','','d/m/y g:i a','text','Y','2011-05-18 10:53:32',1,NULL,NULL),(24,'dateandtime','mindate','The number of years allowed before the current date','7','int','Y','2011-05-18 10:53:51',1,'2012-02-24 15:04:52',27),(25,'dateandtime','maxdate','The number of years allowed ahead','1','int','Y','2011-05-18 10:54:10',1,NULL,NULL),(26,'menu','configfile','Location of the configuration file','../config/menu.xml','text','Y','2011-05-18 11:04:30',1,NULL,NULL),(27,'menu','baselement','The base element for the menu configuration','nav','text','Y','2011-05-18 11:05:01',1,NULL,NULL),(28,'pagination','itemsperpage','','10','int','Y','2011-05-18 11:13:05',1,NULL,NULL),(29,'password','minlength','Minimum password length','6','int','Y','2011-05-18 11:21:43',1,NULL,NULL),(30,'password','maxlength','Maximum length of a password','40','int','Y','2011-05-18 11:33:00',1,NULL,NULL),(31,'password','daystoexpire','Number of days before a password expires','90','int','Y','2011-05-18 11:33:34',1,NULL,NULL),(32,'price','nullamountsymbol','Symbol for null amounts','---','text','Y','2011-05-18 11:34:24',1,NULL,NULL),(33,'backup','databasebackupemail','','1@devmail.infomacorp.com','text','Y','2011-05-18 11:35:04',1,NULL,NULL),(34,'contact','mincontactcategories','','10','int','Y','2011-06-06 12:00:00',1,NULL,NULL),(35,'organisationdistrict','maximumrows','','10','int','Y','2011-10-23 15:34:39',1,NULL,NULL),(37,'logo','allowedformats','Allowed formats for logo','png,jpg,jpeg','text','Y','2011-11-16 16:20:30',1,NULL,NULL),(38,'logo','maximumfilesize','Maximum Allowed logo file size in bytes','2000000','int','Y','2011-11-16 16:21:31',1,NULL,NULL),(39,'marketpriceanalysisreport','minvolume','The minimum volume currently being used','1','int','Y','2011-11-16 16:20:30',1,NULL,NULL),(40,'marketpriceanalysisreport','maxvolume','The maximum volume currently being used','7','int','Y','2011-11-16 16:21:31',1,'2012-01-23 09:20:35',27);
/*!40000 ALTER TABLE `appconfig` ENABLE KEYS */;
UNLOCK TABLES;

--
-- Table structure for table `audittrail`
--

DROP TABLE IF EXISTS `audittrail`;
/*!40101 SET @saved_cs_client     = @@character_set_client */;
/*!40101 SET character_set_client = utf8 */;
CREATE TABLE `audittrail` (
  `id` int(11) unsigned NOT NULL auto_increment,
  `userid` int(11) unsigned default NULL,
  `transactiontype` varchar(50) NOT NULL,
  `transactiondetails` mediumtext,
  `transactiondate` datetime NOT NULL,
  `executedby` int(11) unsigned default NULL,
  `success` enum('N','Y') NOT NULL default 'N',
  `browserdetails` varchar(50) default NULL,
  PRIMARY KEY  (`id`),
  KEY `fk_audittrail_userid` (`userid`),
  KEY `fk_audittrail_transactiontype` (`transactiontype`),
  KEY `fk_audittrail_executedby` (`executedby`),
  CONSTRAINT `fk_audittrail_executedby` FOREIGN KEY (`executedby`) REFERENCES `useraccount` (`id`) ON DELETE CASCADE ON UPDATE CASCADE,
  CONSTRAINT `fk_audittrail_userid` FOREIGN KEY (`userid`) REFERENCES `useraccount` (`id`) ON DELETE CASCADE ON UPDATE CASCADE
) ENGINE=InnoDB AUTO_INCREMENT=2077 DEFAULT CHARSET=utf8;
/*!40101 SET character_set_client = @saved_cs_client */;

--
-- Dumping data for table `audittrail`
--

LOCK TABLES `audittrail` WRITE;
/*!40000 ALTER TABLE `audittrail` DISABLE KEYS */;
INSERT INTO `audittrail` (`id`, `userid`, `transactiontype`, `transactiondetails`, `transactiondate`, `executedby`, `success`, `browserdetails`) VALUES (1,NULL,'user.login','Login for user with email \'kabonesaregina@yahoo.com\' successful','2011-11-16 15:37:08',NULL,'Y','Firefox 3.5.19 Windows'),(2,NULL,'user.login','Login for user with email \'kabonesaregina@yahoo.com\' successful','2011-11-16 15:46:40',NULL,'Y','Firefox 3.5.19 Windows'),(3,NULL,'user.login','Login for user with email \'paul@fituganda.com\' successful','2011-11-16 16:05:11',NULL,'Y','Chrome 15.0.874.106 Windows'),(4,NULL,'user.login','Login for user with email \'ocharobenjmin@yahoo.com\' successful','2011-11-16 16:44:39',NULL,'Y','Firefox 3.5.2 Windows'),(5,NULL,'user.login','Login for user with email \'developer@infoma.com\' successful','2011-11-16 17:44:31',NULL,'Y','Firefox 7.0.1 Windows'),(6,NULL,'user.login','Login for user with email \'mmackarious@yahoo.com\' successful','2011-11-16 18:21:25',NULL,'Y','Firefox 4.0.1 Windows'),(7,NULL,'user.login','Login for user with email \'walubogodfrey@yahoo.com\' successful','2011-11-17 07:18:49',NULL,'Y','Firefox 4.0 Windows'),(8,NULL,'user.login','Login for user with email \'walugeo@gmail.com\' successful','2011-11-17 07:36:01',NULL,'Y','Firefox 4.0 Windows'),(9,NULL,'user.login','Login for user with email \'ronnlytrust@yahoo.com\' successful','2011-11-17 08:13:45',NULL,'Y','Firefox 5.0 Windows'),(10,NULL,'user.login','Login for user with email \'ronnlytrust@yahoo.com\' successful','2011-11-17 08:17:30',NULL,'Y','Firefox 5.0 Windows'),(11,NULL,'user.login','Login for user with email \'charlesodeke@yahoo.com\' successful','2011-11-17 09:00:49',NULL,'Y','Safari 5.1 Windows'),(12,NULL,'user.login','Login for user with email \'paul@fituganda.com\' successful','2011-11-17 09:45:37',NULL,'Y','Chrome 15.0.874.106 Windows'),(13,NULL,'user.login','Login for user with email \'uganadaruraldevelopmentinitiative@yahoo.com\' failed. Invalid username or password','2011-11-17 11:05:52',NULL,'N','Internet Explorer 6.0 Windows'),(14,NULL,'user.login','Login for user with email \'uganadaruraldevelopmentinitiative@yahoo.com\' failed. Invalid username or password','2011-11-17 11:05:53',NULL,'N','Internet Explorer 6.0 Windows'),(15,NULL,'user.login','Login for user with email \'ugandaruraldevelopmentinitiative@yahoo.com\' successful','2011-11-17 11:06:36',NULL,'Y','Internet Explorer 6.0 Windows'),(16,NULL,'user.login','Login for user with email \'wgraves@fituganda.com\' successful','2011-11-17 11:56:00',NULL,'Y','Chrome 15.0.874.106 Windows'),(17,NULL,'user.login','Login for user with email \'naomenassazi@gmail.com\' successful','2011-11-17 13:41:10',NULL,'Y','Firefox 3.6.23 Windows'),(18,NULL,'user.login','Login for user with email \'ugandaruraldevelopmentinitiative@yahoo.com\' successful','2011-11-17 17:52:40',NULL,'Y','Internet Explorer 8.0 Windows'),(19,NULL,'user.login','Login for user with email \'mmackarious@yahoo.com\' successful','2011-11-17 19:03:53',NULL,'Y','Firefox 4.0.1 Windows'),(20,NULL,'user.login','Login for user with email \'basazash@yahoo.co.uk\' successful','2011-11-17 19:04:09',NULL,'Y','Firefox 6.0.1 Windows'),(21,NULL,'user.login','Login for user with email \'tadeombasiima@yahoo.com\' successful','2011-11-17 19:17:17',NULL,'Y','Firefox 8.0 Windows'),(22,NULL,'user.login','Login for user with email \'basazash@yahoo.co.uk\' successful','2011-11-17 19:27:04',NULL,'Y','Firefox 6.0.1 Windows'),(23,NULL,'user.login','Login for user with email \'k.patricia@fituganda.com\' successful','2011-11-18 08:52:16',NULL,'Y','Firefox 7.0.1 Windows'),(24,NULL,'user.login','Login for user with email \'paul@fituganda.com\' successful','2011-11-18 09:14:48',NULL,'Y','Chrome 15.0.874.106 Windows'),(25,NULL,'user.login','Login for user with email \'paul@fituganda.com\' successful','2011-11-18 10:55:51',NULL,'Y','Chrome 15.0.874.106 Windows'),(26,NULL,'user.login','Login for user with email \'agmis@fituganda.com\' failed. Invalid username or password','2011-11-18 11:44:04',NULL,'N','Chrome 15.0.874.120 Windows'),(27,NULL,'user.login','Login for user with email \'elawrence@fituganda.com\' failed. Invalid username or password','2011-11-18 11:46:52',NULL,'N','Chrome 15.0.874.120 Windows'),(28,NULL,'user.login','Login for user with email \'agmis@fituganda.com\' failed. Invalid username or password','2011-11-18 11:47:00',NULL,'N','Chrome 15.0.874.120 Windows'),(29,NULL,'user.login','Login for user with email \'developer@infoma.com\' successful','2011-11-18 11:47:13',NULL,'Y','Chrome 15.0.874.120 Windows'),(30,NULL,'user.login','Login for user with email \'bukenya_h@yahoo.com\' failed. Invalid username or password','2011-11-18 13:40:31',NULL,'N','Internet Explorer 8.0 Windows'),(31,NULL,'user.login','Login for user with email \'bukenya_h@yahoo.com\' successful','2011-11-18 13:41:13',NULL,'Y','Internet Explorer 8.0 Windows'),(32,NULL,'user.login','Login for user with email \'paul@fituganda.com\' successful','2011-11-18 14:33:26',NULL,'Y','Chrome 15.0.874.120 Windows'),(33,NULL,'user.login','Login for user with email \'kemd3130@yahoo.com\' successful','2011-11-18 15:23:02',NULL,'Y','Firefox 3.6.23 Windows'),(34,NULL,'user.login','Login for user with email \'kemd3130@yahoo.com\' successful','2011-11-18 16:28:17',NULL,'Y','Firefox 3.6.24 Windows'),(35,NULL,'user.login','Login for user with email \'kemd3130@yahoo.com\' successful','2011-11-18 16:47:54',NULL,'Y','Firefox 3.6.24 Windows'),(36,NULL,'user.login','Login for user with email \'kemd3130@yahoo.com\' successful','2011-11-18 16:54:48',NULL,'Y','Internet Explorer 9.0 Windows'),(37,NULL,'user.login','Login for user with email \'abuyazedisabirye@yahoo.com\' successful','2011-11-19 10:05:32',NULL,'Y','Firefox 3.6.24 Windows'),(38,NULL,'user.login','Login for user with email \'balikoowamusa@yahoo.com\' successful','2011-11-19 10:38:48',NULL,'Y','Firefox 6.0 Windows'),(39,NULL,'user.login','Login for user with email \'kabonesaregina@yahoo.com\' successful','2011-11-19 12:52:10',NULL,'Y','Firefox 3.6.24 Windows'),(40,NULL,'user.login','Login for user with email \'mukwanarichard@gmail.com\' successful','2011-11-19 12:52:36',NULL,'Y','Firefox 3.6.24 Windows'),(41,NULL,'user.login','Login for user with email \'ocharobenjmin@yahoo.com\' successful','2011-11-19 17:11:20',NULL,'Y','Firefox 3.6.24 Windows'),(42,NULL,'user.login','Login for user with email \'basazash@yahoo.co.uk\' successful','2011-11-19 19:19:47',NULL,'Y','Firefox 3.0.19 Windows'),(43,NULL,'user.login','Login for user with email \'walubogodfrey@yahoo.com\' successful','2011-11-19 19:51:38',NULL,'Y','Firefox 4.0 Windows'),(44,NULL,'user.login','Login for user with email \'walugeo@gmail.com\' successful','2011-11-19 20:12:11',NULL,'Y','Firefox 4.0 Windows'),(45,NULL,'user.login','Login for user with email \'mayombwejackson@gmail.com\' successful','2011-11-20 13:45:05',NULL,'Y','Firefox 7.0.1 Windows'),(46,NULL,'user.login','Login for user with email \'mayombwejackson@gmail.com\' successful','2011-11-20 13:54:19',NULL,'Y','Firefox 7.0.1 Windows'),(47,NULL,'user.login','Login for user with email \'mayombwejackson@gmail.com\' successful','2011-11-20 13:58:59',NULL,'Y','Firefox 7.0.1 Windows'),(48,NULL,'user.login','Login for user with email \'mayombwejackson@gmail.com\' successful','2011-11-20 14:25:10',NULL,'Y','Firefox 7.0.1 Windows'),(49,NULL,'user.login','Login for user with email \'k.patricia@fituganda.com\' successful','2011-11-21 07:51:26',NULL,'Y','Firefox 7.0.1 Windows'),(50,NULL,'user.login','Login for user with email \'naomenassazi@gmail.com\' successful','2011-11-21 10:09:27',NULL,'Y','Firefox 3.6.24 Windows'),(51,NULL,'user.login','Login for user with email \'mukwanarichard@gmail.com\' successful','2011-11-21 10:56:12',NULL,'Y','Internet Explorer 7.0 Windows'),(52,NULL,'user.login','Login for user with email \'mmackarious@yahoo.com\' successful','2011-11-21 11:05:32',NULL,'Y','Firefox 4.0.1 Windows'),(53,NULL,'user.login','Login for user with email \'ronnlytrust@yahoo.com\' successful','2011-11-21 11:33:43',NULL,'Y','Firefox 5.0 Windows'),(54,NULL,'user.login','Login for user with email \'ronnlytrust@yahoo.com\' successful','2011-11-21 11:37:12',NULL,'Y','Firefox 5.0 Windows'),(55,NULL,'user.login','Login for user with email \'charlesodeke@yahoo.com\' successful','2011-11-21 12:30:18',NULL,'Y','Firefox 8.0 Windows'),(56,NULL,'user.login','Login for user with email \'kaonesaregina@yahoo.com\' failed. Invalid username or password','2011-11-21 12:41:09',NULL,'N','Firefox 5.0.1 Windows'),(57,NULL,'user.login','Login for user with email \'kaonesaregina@yahoo.com\' failed. Invalid username or password','2011-11-21 12:41:37',NULL,'N','Firefox 5.0.1 Windows'),(58,NULL,'user.login','Login for user with email \'kabonesaregina@yahoo.com\' successful','2011-11-21 12:42:22',NULL,'Y','Firefox 5.0.1 Windows'),(59,NULL,'user.login','Login for user with email \'abuyazedisabirye@yahoo.com\' failed. Invalid username or password','2011-11-21 13:32:54',NULL,'N','Firefox 3.6.24 Windows'),(60,NULL,'user.login','Login for user with email \'abuyazedisabirye@yahoo.com\' successful','2011-11-21 13:33:08',NULL,'Y','Firefox 3.6.24 Windows'),(61,NULL,'user.login','Login for user with email \'developer@infoma.com\' successful','2011-11-21 14:03:22',NULL,'Y','Firefox 7.0.1 Windows'),(62,NULL,'user.login','Login for user with email \'paul@fituganda.com\' successful','2011-11-21 14:22:14',NULL,'Y','Chrome 15.0.874.106 Windows'),(63,NULL,'user.login','Login for user with email \'k.patrica@fituganda.com\' failed. Invalid username or password','2011-11-21 15:16:33',NULL,'N','Firefox 7.0.1 Windows'),(64,NULL,'user.login','Login for user with email \'k.patrica@fituganda.com\' failed. Invalid username or password','2011-11-21 15:16:55',NULL,'N','Firefox 7.0.1 Windows'),(65,NULL,'user.login','Login for user with email \'k.patricia@fituganda.comi\' failed. Invalid username or password','2011-11-21 15:17:34',NULL,'N','Firefox 7.0.1 Windows'),(66,NULL,'user.login','Login for user with email \'k.patricia@fituganda.com\' successful','2011-11-21 15:17:59',NULL,'Y','Firefox 7.0.1 Windows'),(67,NULL,'user.login','Login for user with email \'ocharobenjmin@yahoo.com\' successful','2011-11-21 15:21:43',NULL,'Y','Firefox 3.6.24 Windows'),(68,NULL,'user.login','Login for user with email \'k.patricia@fituganda.com\' successful','2011-11-21 15:39:26',NULL,'Y','Firefox 7.0.1 Windows'),(69,NULL,'user.login','Login for user with email \'basazash@yahoo.co.uk\' successful','2011-11-21 16:17:04',NULL,'Y','Firefox 3.0.19 Windows'),(70,NULL,'user.login','Login for user with email \'ocharobenjmin@yahoo.com\' successful','2011-11-21 18:05:39',NULL,'Y','Firefox 3.6.3 Windows'),(71,NULL,'user.login','Login for user with email \'balikoowamusa@yahoo.com\' successful','2011-11-21 18:28:05',NULL,'Y','Firefox 6.0 Windows'),(72,NULL,'user.login','Login for user with email \'achadri@yahoo.com\' successful','2011-11-21 19:52:11',NULL,'Y','Internet Explorer 6.0 Windows'),(73,NULL,'user.login','Login for user with email \'achadri@yahoo.com\' failed. Invalid username or password','2011-11-21 20:29:58',NULL,'N','Internet Explorer 6.0 Windows'),(74,NULL,'user.login','Login for user with email \'achadri@yahoo.com\' successful','2011-11-21 20:30:17',NULL,'Y','Internet Explorer 6.0 Windows'),(75,NULL,'user.login','Login for user with email \'walubogodfrey@yahoo.com\' successful','2011-11-22 08:14:22',NULL,'Y','Firefox 4.0 Windows'),(76,NULL,'user.login','Login for user with email \'walugeo@gmail.com\' successful','2011-11-22 08:35:00',NULL,'Y','Firefox 4.0 Windows'),(77,NULL,'user.login','Login for user with email \'tadeombasiima@yahoo.com\' successful','2011-11-22 10:07:33',NULL,'Y','Firefox 3.6 Windows'),(78,NULL,'user.login','Login for user with email \'ronnlytrust@yahoo.com\' successful','2011-11-22 10:10:41',NULL,'Y','Firefox 7.0.1 Windows'),(79,NULL,'user.login','Login for user with email \'paul@fituganda.com\' successful','2011-11-22 10:17:01',NULL,'Y','Chrome 15.0.874.106 Windows'),(80,NULL,'user.login','Login for user with email \'henrybwire83@yahoo.com\' successful','2011-11-22 10:39:13',NULL,'Y','Firefox 6.0 Windows'),(81,NULL,'user.login','Login for user with email \'k.patricia@fituganda.com\' successful','2011-11-22 11:10:59',NULL,'Y','Firefox 7.0.1 Windows'),(82,NULL,'user.login','Login for user with email \'jbrowning@fituganda.com\' successful','2011-11-22 12:05:11',NULL,'Y','Firefox 7.0.1 Windows'),(83,NULL,'user.login','Login for user with email \'jbrowning@fituganda.com\' successful','2011-11-22 12:14:24',NULL,'Y','Firefox 7.0.1 Windows'),(84,NULL,'user.login','Login for user with email \'jbrowning@fituganda.com\' successful','2011-11-22 12:15:39',NULL,'Y','Firefox 7.0.1 Windows'),(85,NULL,'user.login','Login for user with email \'rbrowning@fituganda.com\' failed. Invalid username or password','2011-11-22 12:24:37',NULL,'N','Firefox 7.0.1 Windows'),(86,NULL,'user.login','Login for user with email \'jbrowning@fituganda.com\' successful','2011-11-22 12:26:41',NULL,'Y','Firefox 7.0.1 Windows'),(87,NULL,'user.login','Login for user with email \'developer@infoma.com\' successful','2011-11-22 12:35:14',NULL,'Y','Firefox 7.0.1 Windows'),(88,NULL,'user.login','Login for user with email \'k.patricia@fituganda.com\' successful','2011-11-22 12:35:38',NULL,'Y','Firefox 7.0.1 Windows'),(89,NULL,'user.login','Login for user with email \'tadeombasiima@yahoo.com\' successful','2011-11-22 15:39:19',NULL,'Y','Firefox 8.0 Windows'),(90,NULL,'user.login','Login for user with email \'mayooswizily@gmail.com\' failed. Invalid username or password','2011-11-22 23:20:21',NULL,'N','Internet Explorer 6.0 Windows'),(91,NULL,'user.login','Login for user with email \'mayombwejackson@gmail.com\' successful','2011-11-22 23:21:49',NULL,'Y','Internet Explorer 6.0 Windows'),(92,NULL,'user.login','Login for user with email \'mayombwejackson@gmail.com\' successful','2011-11-22 23:34:19',NULL,'Y','Internet Explorer 6.0 Windows'),(93,NULL,'user.login','Login for user with email \'k.patricia@fituganda.com\' successful','2011-11-23 09:06:26',NULL,'Y','Firefox 7.0.1 Windows'),(94,NULL,'user.login','Login for user with email \'kaonesaregina@yahoo.com\' failed. Invalid username or password','2011-11-23 09:07:52',NULL,'N','Firefox 5.0.1 Windows'),(95,NULL,'user.login','Login for user with email \'kaonesaregina@yahoo.com\' failed. Invalid username or password','2011-11-23 09:08:17',NULL,'N','Firefox 5.0.1 Windows'),(96,NULL,'user.login','Login for user with email \'kaonesaregina@yahoo.com\' failed. Invalid username or password','2011-11-23 09:08:46',NULL,'N','Firefox 5.0.1 Windows'),(97,NULL,'user.login','Login for user with email \'kabonesaregina@yahoo.com\' successful','2011-11-23 09:09:17',NULL,'Y','Firefox 5.0.1 Windows'),(98,NULL,'user.login','Login for user with email \'balikoowamusa@yahoo.com\' successful','2011-11-23 09:49:09',NULL,'Y','Firefox 6.0 Windows'),(99,NULL,'user.login','Login for user with email \'henrybwire83@yahoo.com\' successful','2011-11-23 10:08:35',NULL,'Y','Firefox 6.0 Windows'),(100,NULL,'user.login','Login for user with email \'henrybwire83@yahoo.com\' successful','2011-11-23 10:56:11',NULL,'Y','Firefox 6.0 Windows'),(101,NULL,'user.login','Login for user with email \'jbrowing@fituganda.com\' failed. Invalid username or password','2011-11-23 11:04:27',NULL,'N','Firefox 6.0.2 Windows'),(102,NULL,'user.login','Login for user with email \'jbrowning@fituganda.com\' successful','2011-11-23 11:06:19',NULL,'Y','Firefox 6.0.2 Windows'),(103,NULL,'user.login','Login for user with email \'mkbetty@yahoo.com\' failed. Invalid username or password','2011-11-23 11:08:05',NULL,'N','Firefox 6.0.2 Windows'),(104,NULL,'user.login','Login for user with email \'paul@fituganda.com\' successful','2011-11-23 11:08:09',NULL,'Y','Firefox 8.0 Windows'),(105,NULL,'user.login','Login for user with email \'mkbetty@yahoo.com\' failed. Invalid username or password','2011-11-23 11:08:40',NULL,'N','Firefox 6.0.2 Windows'),(106,NULL,'user.login','Login for user with email \'k.patricia@fituganda.com\' successful','2011-11-23 11:09:23',NULL,'Y','Firefox 6.0.2 Windows'),(107,NULL,'user.login','Login for user with email \'jbrowning@fituganda.com\' successful','2011-11-23 11:13:18',NULL,'Y','Firefox 6.0.2 Windows'),(108,NULL,'user.login','Login for user with email \'jbrowning@fituganda.com\' successful','2011-11-23 11:16:46',NULL,'Y','Firefox 8.0 Windows'),(109,NULL,'user.login','Login for user with email \'paul@fituganda.com\' successful','2011-11-23 11:24:56',NULL,'Y','Internet Explorer 9.0 Windows'),(110,NULL,'user.login','Login for user with email \'mkbetty@yahoo.com\' successful','2011-11-23 11:30:37',NULL,'Y','Firefox 8.0 Windows'),(111,NULL,'user.login','Login for user with email \'k.patricia@fituganda.com\' successful','2011-11-23 11:32:20',NULL,'Y','Firefox 6.0.2 Windows'),(112,NULL,'user.login','Login for user with email \'k.patricia@fituganda.com\' successful','2011-11-23 11:33:26',NULL,'Y','Firefox 6.0.2 Windows'),(113,NULL,'user.login','Login for user with email \'mkbetty@yahoo.com\' successful','2011-11-23 11:33:39',NULL,'Y','Firefox 8.0 Windows'),(114,NULL,'user.login','Login for user with email \'jbrowning@fituganda.com\' successful','2011-11-23 11:37:40',NULL,'Y','Firefox 8.0 Windows'),(115,NULL,'user.login','Login for user with email \'abuyazedisabirye@yahoo.com\' successful','2011-11-23 11:41:20',NULL,'Y','Firefox 7.0.1 Windows'),(116,NULL,'user.login','Login for user with email \'developer@infoma.com\' successful','2011-11-23 12:05:39',NULL,'Y','Chrome 15.0.874.121 Windows'),(117,NULL,'user.login','Login for user with email \'ronnlytrust@yahoo.com\' successful','2011-11-23 12:17:42',NULL,'Y','Firefox 5.0 Windows'),(118,NULL,'user.login','Login for user with email \'mukwanarichard@gmail.com\' successful','2011-11-23 12:18:29',NULL,'Y','Firefox 3.6.24 Windows'),(119,NULL,'user.login','Login for user with email \'kakoozazaidi@gmail.com\' successful','2011-11-23 12:23:07',NULL,'Y','Firefox 4.0 Windows'),(120,NULL,'user.login','Login for user with email \'ocharobenjmin@yahoo.com\' successful','2011-11-23 12:26:27',NULL,'Y','Firefox 3.5.2 Windows'),(121,NULL,'user.login','Login for user with email \'naomenassazi@gmail.com\' failed. Invalid username or password','2011-11-23 12:29:45',NULL,'N','Firefox 3.6.24 Windows'),(122,NULL,'user.login','Login for user with email \'naomenassazi@gmail.com\' failed. Invalid username or password','2011-11-23 12:30:08',NULL,'N','Firefox 3.6.24 Windows'),(123,NULL,'user.login','Login for user with email \'naomenassazi@gmail.com\' failed. Invalid username or password','2011-11-23 12:45:55',NULL,'N','Firefox 3.6.24 Windows'),(124,NULL,'user.login','Login for user with email \'naomenassazi@gmail.com\' successful','2011-11-23 12:46:10',NULL,'Y','Firefox 3.6.24 Windows'),(125,NULL,'user.login','Login for user with email \'naomenassazi@gmail.com\' failed. Invalid username or password','2011-11-23 12:48:21',NULL,'N','Firefox 3.6.24 Windows'),(126,NULL,'user.login','Login for user with email \'naomenassazi@gmail.com\' successful','2011-11-23 12:48:48',NULL,'Y','Firefox 3.6.24 Windows'),(127,NULL,'user.login','Login for user with email \'charlesodeke@yahoo.com\' successful','2011-11-23 14:25:06',NULL,'Y','Firefox 8.0 Windows'),(128,NULL,'user.login','Login for user with email \'mmackarious@yahoo.com\' successful','2011-11-23 14:40:49',NULL,'Y','Firefox 4.0.1 Windows'),(129,NULL,'user.login','Login for user with email \'paul@fituganda.com\' successful','2011-11-23 15:02:54',NULL,'Y','Chrome 15.0.874.106 Windows'),(130,NULL,'user.login','Login for user with email \'ugandaruraldevelopmentinitiative@yahoo.com\' successful','2011-11-23 18:14:53',NULL,'Y','Internet Explorer 9.0 Windows'),(131,NULL,'user.login','Login for user with email \'mayombwejackson@gmail.com\' successful','2011-11-23 20:37:01',NULL,'Y','Firefox 7.0.1 Windows'),(132,NULL,'user.login','Login for user with email \'mayombwejackson@gmail.com\' successful','2011-11-23 20:37:18',NULL,'Y','Firefox 7.0.1 Windows'),(133,NULL,'user.login','Login for user with email \'mayombwejackson@gmail.com\' successful','2011-11-23 21:08:29',NULL,'Y','Firefox 7.0.1 Windows'),(134,NULL,'user.login','Login for user with email \'walubogodfrey@yahoo.com\' successful','2011-11-24 08:18:08',NULL,'Y','Firefox 4.0 Windows'),(135,NULL,'user.login','Login for user with email \'developer@infoma.com\' successful','2011-11-24 08:23:18',NULL,'Y','Chrome 15.0.874.121 Windows'),(136,NULL,'user.login','Login for user with email \'walugeo@gmail.com\' successful','2011-11-24 08:35:47',NULL,'Y','Firefox 4.0 Windows'),(137,NULL,'user.login','Login for user with email \'k.patricia@fituganda.com\' successful','2011-11-24 08:38:34',NULL,'Y','Firefox 8.0.1 Windows'),(138,NULL,'user.login','Login for user with email \'balikoowamusa@yahoo.com\' successful','2011-11-24 10:18:14',NULL,'Y','Firefox 6.0 Windows'),(139,NULL,'user.login','Login for user with email \'paul@fituganda.com\' successful','2011-11-24 11:51:55',NULL,'Y','Firefox 7.0.1 Windows'),(140,NULL,'user.login','Login for user with email \'mkbetty@yahoo.com\' successful','2011-11-24 11:56:09',NULL,'Y','Firefox 7.0.1 Windows'),(141,NULL,'user.login','Login for user with email \'paul@fituganda.com\' successful','2011-11-24 11:57:18',NULL,'Y','Firefox 7.0.1 Windows'),(142,NULL,'user.login','Login for user with email \'mukwanarichard@gmail.com\' successful','2011-11-24 17:03:47',NULL,'Y','Firefox 3.0.3 Windows'),(143,NULL,'user.login','Login for user with email \'mukwanarichard@gmail.com\' successful','2011-11-24 18:06:22',NULL,'Y','Firefox 3.6.24 Windows'),(144,NULL,'user.login','Login for user with email \'mukwanarichard@gmail.com\' successful','2011-11-24 18:50:35',NULL,'Y','Firefox 3.6.10 Windows'),(145,NULL,'user.login','Login for user with email \'ronnlytrust@yahoo.com\' successful','2011-11-25 10:51:35',NULL,'Y','Firefox 7.0.1 Windows'),(146,NULL,'user.login','Login for user with email \'ronnlytrust@yahoo.com\' failed. Invalid username or password','2011-11-25 10:53:56',NULL,'N','Firefox 7.0.1 Windows'),(147,NULL,'user.login','Login for user with email \'ronnlytrust@yahoo.com\' successful','2011-11-25 10:54:35',NULL,'Y','Firefox 7.0.1 Windows'),(148,NULL,'user.login','Login for user with email \'basazash@yahoo.co.uk\' successful','2011-11-25 11:25:35',NULL,'Y','Firefox 3.0.8 Windows'),(149,NULL,'user.login','Login for user with email \'ronnlytrust@yahoo.com\' successful','2011-11-25 14:16:22',NULL,'Y','Firefox 5.0 Windows'),(150,NULL,'user.login','Login for user with email \'ronnlytrust@yahoo.com\' successful','2011-11-25 16:26:57',NULL,'Y','Firefox 5.0 Windows'),(151,NULL,'user.login','Login for user with email \'kaonesaregina@yahoo.com\' failed. Invalid username or password','2011-11-26 10:55:38',NULL,'N','Firefox 5.0.1 Windows'),(152,NULL,'user.login','Login for user with email \'kaonesaregina@yahoo.com\' failed. Invalid username or password','2011-11-26 10:55:53',NULL,'N','Firefox 5.0.1 Windows'),(153,NULL,'user.login','Login for user with email \'kaonesaregina@yahoo.com\' failed. Invalid username or password','2011-11-26 10:56:16',NULL,'N','Firefox 5.0.1 Windows'),(154,NULL,'user.login','Login for user with email \'kaonesaregina@yahoo.com\' failed. Invalid username or password','2011-11-26 10:56:17',NULL,'N','Firefox 5.0.1 Windows'),(155,NULL,'user.login','Login for user with email \'abuyazedisabirye@yahoo.com\' successful','2011-11-26 13:44:35',NULL,'Y','Firefox 3.6.24 Windows'),(156,NULL,'user.login','Login for user with email \'mukwanarichard@gmail.com\' successful','2011-11-26 13:47:43',NULL,'Y','Firefox 3.6.24 Windows'),(157,NULL,'user.login','Login for user with email \'ocharobenjmin@yahoo.com\' successful','2011-11-26 14:14:16',NULL,'Y','Firefox 3.5.2 Windows'),(158,NULL,'user.login','Login for user with email \'basazash@yahoo.co.uk\' successful','2011-11-26 15:12:30',NULL,'Y','Firefox 3.0.19 Windows'),(159,NULL,'user.login','Login for user with email \'balikoowamusa@yahoo.com\' successful','2011-11-26 17:43:53',NULL,'Y','Firefox 6.0 Windows'),(160,NULL,'user.login','Login for user with email \'mayombwejackson@gmail.com\' successful','2011-11-27 16:22:43',NULL,'Y','Firefox 8.0.1 Windows'),(161,NULL,'user.login','Login for user with email \'mayombwejackson@gmail.com\' successful','2011-11-27 16:43:51',NULL,'Y','Firefox 8.0.1 Windows'),(162,NULL,'user.login','Login for user with email \'naomenassazi@gmail.com\' successful','2011-11-28 09:10:15',NULL,'Y','Firefox 3.6.24 Windows'),(163,NULL,'user.login','Login for user with email \'waubogodfrey@yahoo.com\' failed. Invalid username or password','2011-11-28 10:01:33',NULL,'N','Firefox 8.0 Windows'),(164,NULL,'user.login','Login for user with email \'walubogodfrey@yahoo.com\' successful','2011-11-28 10:02:52',NULL,'Y','Firefox 8.0 Windows'),(165,NULL,'user.login','Login for user with email \'walugeo@gmail.com\' successful','2011-11-28 10:23:56',NULL,'Y','Firefox 8.0 Windows'),(166,NULL,'user.login','Login for user with email \'balikoowamusa@yahoo.com\' successful','2011-11-28 11:01:11',NULL,'Y','Firefox 6.0 Windows'),(167,NULL,'user.login','Login for user with email \'abuyazedisabirye@yahoo.com\' successful','2011-11-28 11:25:10',NULL,'Y','Firefox 3.6.24 Windows'),(168,NULL,'user.login','Login for user with email \'mayombwejackson@gmail.com\' successful','2011-11-28 12:31:14',NULL,'Y','Internet Explorer 6.0 Windows'),(169,NULL,'user.login','Login for user with email \'mayombwejackson@gmail.com\' successful','2011-11-28 12:54:19',NULL,'Y','Firefox 8.0 Windows'),(170,NULL,'user.login','Login for user with email \'mayombwejackson@gmail.com\' successful','2011-11-28 13:14:01',NULL,'Y','Firefox 8.0 Windows'),(171,NULL,'user.login','Login for user with email \'kaonesaregina@yahoo.com\' failed. Invalid username or password','2011-11-28 13:23:12',NULL,'N','Firefox 5.0.1 Windows'),(172,NULL,'user.login','Login for user with email \'kabonesaregina@yahoo.com\' successful','2011-11-28 13:24:41',NULL,'Y','Firefox 5.0.1 Windows'),(173,NULL,'user.login','Login for user with email \'developer@infoma.com\' successful','2011-11-28 13:27:01',NULL,'Y','Firefox 7.0.1 Windows'),(174,NULL,'user.login','Login for user with email \'ocharobenjmin@yahoo.com\' successful','2011-11-28 13:34:03',NULL,'Y','Firefox 3.5.2 Windows'),(175,NULL,'user.login','Login for user with email \'ocharobenjmin@yahoo.com\' successful','2011-11-28 13:34:15',NULL,'Y','Firefox 3.5.2 Windows'),(176,NULL,'user.login','Login for user with email \'ronnlytrust@yahoo.com\' successful','2011-11-28 13:43:38',NULL,'Y','Firefox 7.0.1 Windows'),(177,NULL,'user.login','Login for user with email \'ronnlytrust@yahoo.com\' successful','2011-11-28 13:46:53',NULL,'Y','Firefox 7.0.1 Windows'),(178,NULL,'user.login','Login for user with email \'ocharobenjmin@yahoo.com\' successful','2011-11-28 13:59:59',NULL,'Y','Firefox 3.5.2 Windows'),(179,NULL,'user.login','Login for user with email \'mmackarious@yahoo.com\' successful','2011-11-28 14:43:46',NULL,'Y','Firefox 7.0 Windows'),(180,NULL,'user.login','Login for user with email \'ugnadaruraldevelopmentinitiative@yahoo.com\' failed. Invalid username or password','2011-11-28 15:24:02',NULL,'N','Internet Explorer 9.0 Windows'),(181,NULL,'user.login','Login for user with email \'ugandaruraldevelopmentinitiative@yahoo.com\' successful','2011-11-28 15:24:33',NULL,'Y','Internet Explorer 9.0 Windows'),(182,NULL,'user.login','Login for user with email \'ugandaruraldevelopmentinitiative@yahoo.com\' successful','2011-11-28 15:24:34',NULL,'Y','Internet Explorer 9.0 Windows'),(183,NULL,'user.login','Login for user with email \'elawrence@veritracker.com\' failed. Invalid username or password','2011-11-28 15:30:00',NULL,'N','Firefox 7.0.1 Windows'),(184,NULL,'user.login','Login for user with email \'developer@infoma.com\' successful','2011-11-28 15:30:22',NULL,'Y','Firefox 7.0.1 Windows'),(185,NULL,'user.login','Login for user with email \'amitsa@fituganda.com\' successful','2011-11-28 15:37:37',NULL,'Y','Chrome 16.0.912.41 Windows'),(186,NULL,'user.login','Login for user with email \'charlesodeke@yahoo.com\' successful','2011-11-28 15:48:36',NULL,'Y','Firefox 8.0 Windows'),(187,NULL,'user.login','Login for user with email \'amitsa@fituganda.com\' successful','2011-11-28 16:07:18',NULL,'Y','Chrome 16.0.912.41 Windows'),(188,NULL,'user.login','Login for user with email \'amitsa@fituganda.com\' successful','2011-11-28 16:08:38',NULL,'Y','Firefox 7.0.1 Windows'),(189,NULL,'user.login','Login for user with email \'basazash@yahoo.co.uk\' successful','2011-11-28 17:25:21',NULL,'Y','Firefox 7.0.1 Windows'),(190,NULL,'user.login','Login for user with email \'paul@fituganda.com\' successful','2011-11-28 18:18:08',NULL,'Y','Chrome 15.0.874.106 Windows'),(191,NULL,'user.login','Login for user with email \'amitsa@fituganda.com\' successful','2011-11-28 18:19:32',NULL,'Y','Chrome 15.0.874.106 Windows'),(192,NULL,'user.login','Login for user with email \'walubogodfrey@yahoo.com\' successful','2011-11-28 20:20:28',NULL,'Y','Firefox 4.0 Windows'),(193,NULL,'user.login','Login for user with email \'k.patricia@fituganda.com\' successful','2011-11-29 07:14:42',NULL,'Y','Firefox 8.0.1 Windows'),(194,NULL,'user.login','Login for user with email \'amitsa@fituganda.com\' successful','2011-11-29 11:34:39',NULL,'Y','Chrome 15.0.874.106 Windows'),(195,NULL,'user.login','Login for user with email \'paul@fituganda.com\' failed. Invalid username or password','2011-11-29 11:59:09',NULL,'N','Chrome 15.0.874.106 Windows'),(196,NULL,'user.login','Login for user with email \'paul@fituganda.com\' successful','2011-11-29 11:59:58',NULL,'Y','Chrome 15.0.874.106 Windows'),(197,NULL,'user.login','Login for user with email \'jbrowning@fituganda.com\' successful','2011-11-29 12:18:12',NULL,'Y','Internet Explorer 9.0 Windows'),(198,NULL,'user.login','Login for user with email \'amitsa@fituganda.com\' successful','2011-11-29 13:03:02',NULL,'Y','Chrome 15.0.874.121 Windows'),(199,NULL,'user.login','Login for user with email \'jbrowning@fituganda.com\' successful','2011-11-29 13:13:02',NULL,'Y','Firefox 7.0.1 Windows'),(200,NULL,'user.login','Login for user with email \'developer@infoma.com\' successful','2011-11-29 13:13:34',NULL,'Y','Chrome 16.0.912.41 Windows'),(201,NULL,'user.login','Login for user with email \'paul@fituganda.com\' successful','2011-11-29 14:23:09',NULL,'Y','Chrome 15.0.874.106 Windows'),(202,NULL,'user.login','Login for user with email \'jbrowning@fituganda.com\' successful','2011-11-29 14:23:10',NULL,'Y','Firefox 7.0.1 Windows'),(203,NULL,'user.login','Login for user with email \'jbrowning@fituganda.com\' successful','2011-11-29 14:29:01',NULL,'Y','Internet Explorer 9.0 Windows'),(204,NULL,'user.login','Login for user with email \'jbrowning@fituganda.com\' successful','2011-11-29 15:20:25',NULL,'Y','Firefox 7.0.1 Windows'),(205,NULL,'user.login','Login for user with email \'k.patricia@fituganda.com\' successful','2011-11-29 19:00:36',NULL,'Y','Firefox 8.0.1 Windows'),(206,NULL,'user.login','Login for user with email \'amitsa@infotradeuganda.com\' failed. Invalid username or password','2011-11-30 07:35:38',NULL,'N','Internet Explorer 8.0 Windows'),(207,NULL,'user.login','Login for user with email \'amitsa@fituganda.com\' successful','2011-11-30 07:36:19',NULL,'Y','Internet Explorer 8.0 Windows'),(208,NULL,'user.login','Login for user with email \'amitsa@fituganda.com\' successful','2011-11-30 08:14:17',NULL,'Y','Internet Explorer 8.0 Windows'),(209,NULL,'user.login','Login for user with email \'k.patricia@fituganda.com\' successful','2011-11-30 08:16:00',NULL,'Y','Firefox 8.0.1 Windows'),(210,NULL,'user.login','Login for user with email \'kaonesaregina@yahoo.com\' failed. Invalid username or password','2011-11-30 08:29:54',NULL,'N','Firefox 5.0.1 Windows'),(211,NULL,'user.login','Login for user with email \'kabonesaregina@yahoo.com\' successful','2011-11-30 08:30:18',NULL,'Y','Firefox 5.0.1 Windows'),(212,NULL,'user.login','Login for user with email \'balikoowamusa@yahoo.com\' successful','2011-11-30 09:00:24',NULL,'Y','Firefox 6.0 Windows'),(213,NULL,'user.login','Login for user with email \'developer@fituganda.com\' failed. Invalid username or password','2011-11-30 09:17:39',NULL,'N','Firefox 7.0.1 Windows'),(214,NULL,'user.login','Login for user with email \'developer@infoma.com\' successful','2011-11-30 09:18:30',NULL,'Y','Firefox 7.0.1 Windows'),(215,NULL,'user.login','Login for user with email \'bukenya_h@yahoo.com\' successful','2011-11-30 09:42:27',NULL,'Y','Internet Explorer 8.0 Windows'),(216,NULL,'user.login','Login for user with email \'bukenya_h@yahoo.com\' successful','2011-11-30 09:44:19',NULL,'Y','Internet Explorer 8.0 Windows'),(217,NULL,'user.login','Login for user with email \'achadri@yahoo.com\' successful','2011-11-30 09:44:25',NULL,'Y','Internet Explorer 7.0 Windows'),(218,NULL,'user.login','Login for user with email \'bukenya_h@yahoo.com\' failed. Invalid username or password','2011-11-30 09:57:47',NULL,'N','Internet Explorer 8.0 Windows'),(219,NULL,'user.login','Login for user with email \'bukenya_h@yahoo.com\' successful','2011-11-30 10:00:30',NULL,'Y','Internet Explorer 8.0 Windows'),(220,NULL,'user.login','Login for user with email \'wgraves@fituganda.com\' successful','2011-11-30 10:36:04',NULL,'Y','Firefox 7.0.1 Windows'),(221,NULL,'user.login','Login for user with email \'bukenya_h@yahoo.com\' successful','2011-11-30 10:37:02',NULL,'Y','Firefox 7.0.1 Windows'),(222,NULL,'user.login','Login for user with email \'jbrowning@devmail.infomacorp.com\' failed. Invalid username or password','2011-11-30 10:37:15',NULL,'N','Chrome 16.0.912.41 Windows'),(223,NULL,'user.login','Login for user with email \'jbrowning@fituganda.com\' successful','2011-11-30 10:37:28',NULL,'Y','Chrome 16.0.912.41 Windows'),(224,NULL,'user.login','Login for user with email \'abuyazadisabirye@yahoo.com\' failed. Invalid username or password','2011-11-30 10:53:39',NULL,'N','Internet Explorer 8.0 Windows'),(225,NULL,'user.login','Login for user with email \'abuyazedisabirye@yahoo.com\' successful','2011-11-30 10:54:29',NULL,'Y','Internet Explorer 8.0 Windows'),(226,NULL,'user.login','Login for user with email \'mayombwejackson@gmail.com\' successful','2011-11-30 11:08:24',NULL,'Y','Firefox 4.0b11 Windows'),(227,NULL,'user.login','Login for user with email \'developer@infoma.com\' successful','2011-11-30 11:15:17',NULL,'Y','Firefox 7.0.1 Windows'),(228,NULL,'user.login','Login for user with email \'developer@infoma.com\' successful','2011-11-30 11:19:35',NULL,'Y','Chrome 16.0.912.41 Windows'),(229,NULL,'user.login','Login for user with email \'mayombwejackson@gmail.com\' successful','2011-11-30 11:20:52',NULL,'Y','Firefox 4.0b11 Windows'),(230,NULL,'user.login','Login for user with email \'bukenya_h@yahoo.com\' failed. Invalid username or password','2011-11-30 11:21:18',NULL,'N','Firefox 7.0.1 Windows'),(231,NULL,'user.login','Login for user with email \'bukenya_h@yahoo.com\' successful','2011-11-30 11:21:29',NULL,'Y','Firefox 7.0.1 Windows'),(232,NULL,'user.login','Login for user with email \'naomenassazi@gmail.com\' successful','2011-11-30 12:00:52',NULL,'Y','Firefox 4.0.1 Windows'),(233,NULL,'user.login','Login for user with email \'mmackarious@yahoo.com\' successful','2011-11-30 14:08:45',NULL,'Y','Firefox 4.0.1 Windows'),(234,NULL,'user.login','Login for user with email \'k.patricia@fituganda.com\' successful','2011-11-30 14:25:48',NULL,'Y','Firefox 8.0.1 Windows'),(235,NULL,'user.login','Login for user with email \'ronnlytrust@yahoo.com\' successful','2011-11-30 17:05:43',NULL,'Y','Firefox 5.0 Windows'),(236,NULL,'user.login','Login for user with email \'ronnlytrust@yahoo.com\' successful','2011-11-30 17:19:58',NULL,'Y','Firefox 5.0 Windows'),(237,NULL,'user.login','Login for user with email \'henrybwire83@yahoo.com\' successful','2011-11-30 17:36:17',NULL,'Y','Firefox 6.0.2 Windows'),(238,NULL,'user.login','Login for user with email \'ocharobenjmin@yahoo.com\' successful','2011-11-30 18:27:48',NULL,'Y','Firefox 3.5.2 Windows'),(239,NULL,'user.login','Login for user with email \'henrybwire83@yahoo.com\' successful','2011-12-01 08:00:35',NULL,'Y','Firefox 6.0 Windows'),(240,NULL,'user.login','Login for user with email \'walubogodfrey@yahoo.com\' successful','2011-12-01 08:22:18',NULL,'Y','Firefox 8.0 Windows'),(241,NULL,'user.login','Login for user with email \'k.patricia@fituganda.com\' successful','2011-12-01 08:46:22',NULL,'Y','Firefox 8.0.1 Windows'),(242,NULL,'user.login','Login for user with email \'mukwanarichard@gmail.com\' successful','2011-12-01 08:54:45',NULL,'Y','Firefox 3.6.13 Windows'),(243,NULL,'user.login','Login for user with email \'walubogodrey@yahoo.com\' failed. Invalid username or password','2011-12-01 08:56:09',NULL,'N','Firefox 8.0 Windows'),(244,NULL,'user.login','Login for user with email \'walubogodfrey@yahoo.com\' successful','2011-12-01 08:57:37',NULL,'Y','Firefox 8.0 Windows'),(245,NULL,'user.login','Login for user with email \'walugeo@gmail.com\' successful','2011-12-01 09:06:49',NULL,'Y','Firefox 8.0 Windows'),(246,NULL,'user.login','Login for user with email \'naomenassazi@gmail.com\' successful','2011-12-01 11:19:35',NULL,'Y','Firefox 3.6.24 Windows'),(247,NULL,'user.login','Login for user with email \'naomenassazi@gmail.com\' failed. Invalid username or password','2011-12-01 11:39:08',NULL,'N','Firefox 3.6.24 Windows'),(248,NULL,'user.login','Login for user with email \'naomenassazi@gmail.com\' successful','2011-12-01 11:39:31',NULL,'Y','Firefox 3.6.24 Windows'),(249,NULL,'user.login','Login for user with email \'k.patricia@fituganda.com\' successful','2011-12-01 15:05:44',NULL,'Y','Firefox 8.0.1 Windows'),(250,NULL,'user.login','Login for user with email \'balikoowamusa@yahoo.com\' successful','2011-12-01 15:35:15',NULL,'Y','Firefox 6.0 Windows'),(251,NULL,'user.login','Login for user with email \'kakoozazaidi@gmail.com\' successful','2011-12-01 16:29:03',NULL,'Y','Firefox 4.0 Windows'),(252,NULL,'user.login','Login for user with email \'k.patricia@fituganda.com\' successful','2011-12-02 08:41:25',NULL,'Y','Firefox 8.0.1 Windows'),(253,NULL,'user.login','Login for user with email \'basazash@yahoo.co.uk\' successful','2011-12-02 10:45:10',NULL,'Y','Firefox 7.0.1 Windows'),(254,NULL,'user.login','Login for user with email \'charlesodeke@yahoo.com\' successful','2011-12-02 12:56:19',NULL,'Y','Opera 9.80 Windows'),(255,NULL,'user.login','Login for user with email \'bukenya_h@yahoo.com\' failed. Invalid username or password','2011-12-02 14:04:40',NULL,'N','Internet Explorer 8.0 Windows'),(256,NULL,'user.login','Login for user with email \'bukenya_h@yahoo.com\' successful','2011-12-02 14:05:19',NULL,'Y','Internet Explorer 8.0 Windows'),(257,NULL,'user.login','Login for user with email \'bukenya_h@yahoo.com\' successful','2011-12-02 14:23:56',NULL,'Y','Internet Explorer 8.0 Windows'),(258,NULL,'user.login','Login for user with email \'mmackarious@yahoo.com\' successful','2011-12-02 15:00:20',NULL,'Y','Firefox 8.0.1 Windows'),(259,NULL,'user.login','Login for user with email \'ronnlytrust@yahoo.com\' successful','2011-12-02 15:34:01',NULL,'Y','Firefox 7.0.1 Windows'),(260,NULL,'user.login','Login for user with email \'tadeombasiima@yahoo.com\' successful','2011-12-02 16:22:35',NULL,'Y','Firefox 8.0 Windows'),(261,NULL,'user.login','Login for user with email \'balikoowamusa@yahoo.com\' successful','2011-12-03 09:59:09',NULL,'Y','Firefox 6.0 Windows'),(262,NULL,'user.login','Login for user with email \'abuyazedisabirye@yahoo.com\' successful','2011-12-03 10:15:20',NULL,'Y','Firefox 3.6.24 Windows'),(263,NULL,'user.login','Login for user with email \'charlesodeke@yahoo.com\' successful','2011-12-03 10:23:40',NULL,'Y','Opera 9.80 Windows'),(264,NULL,'user.login','Login for user with email \'naomenassazi@gmail.com\' successful','2011-12-03 10:39:15',NULL,'Y','Firefox 3.6.24 Windows'),(265,NULL,'user.login','Login for user with email \'mukwanarichard@gmail.com\' successful','2011-12-03 10:46:48',NULL,'Y','Firefox 3.6.10 Windows'),(266,NULL,'user.login','Login for user with email \'kaonesaregina@yahoo.com\' failed. Invalid username or password','2011-12-03 11:49:50',NULL,'N','Firefox 5.0.1 Windows'),(267,NULL,'user.login','Login for user with email \'kabonesaregina@yahoo.com\' successful','2011-12-03 11:52:47',NULL,'Y','Firefox 5.0.1 Windows'),(268,NULL,'user.login','Login for user with email \'ronnlytrust@yahoo.com\' successful','2011-12-03 12:04:31',NULL,'Y','Firefox 5.0 Windows'),(269,NULL,'user.login','Login for user with email \'ronnlytrust@yahoo.com\' successful','2011-12-03 12:45:58',NULL,'Y','Firefox 5.0 Windows'),(270,NULL,'user.login','Login for user with email \'ocharobenjmin@yahoo.com\' successful','2011-12-03 15:10:30',NULL,'Y','Firefox 3.5.2 Windows'),(271,NULL,'user.login','Login for user with email \'kemd3130@yahoo.com\' successful','2011-12-03 15:35:27',NULL,'Y','Firefox 3.6.10 Linux'),(272,NULL,'user.login','Login for user with email \'mmackarious@yahoo.com\' successful','2011-12-03 16:32:08',NULL,'Y','Firefox 3.5 Windows'),(273,NULL,'user.login','Login for user with email \'charlesodeke@yahoo.com\' successful','2011-12-03 17:13:28',NULL,'Y','Firefox 8.0 Windows'),(274,NULL,'user.login','Login for user with email \'mayombwejackson@gmail.com\' successful','2011-12-04 14:56:41',NULL,'Y','Firefox 8.0.1 Windows'),(275,NULL,'user.login','Login for user with email \'mayombwejackson@gmail.com\' successful','2011-12-04 14:56:59',NULL,'Y','Firefox 8.0.1 Windows'),(276,NULL,'user.login','Login for user with email \'paul@fituganda.com\' successful','2011-12-05 07:12:22',NULL,'Y','Chrome 15.0.874.121 Windows'),(277,NULL,'user.login','Login for user with email \'k.patricia@fituganda.com\' successful','2011-12-05 07:19:42',NULL,'Y','Firefox 8.0.1 Windows'),(278,NULL,'user.login','Login for user with email \'walubogodfrey@yahoo.com\' successful','2011-12-05 09:10:29',NULL,'Y','Firefox 8.0 Windows'),(279,NULL,'user.login','Login for user with email \'walugeo@gmail.com\' successful','2011-12-05 09:26:16',NULL,'Y','Firefox 8.0 Windows'),(280,NULL,'user.login','Login for user with email \'naomenassazi@gmail.com\' successful','2011-12-05 09:29:08',NULL,'Y','Firefox 4.0.1 Windows'),(281,NULL,'user.login','Login for user with email \'kakoozazaidi@gmail.com\' failed. Invalid username or password','2011-12-05 09:33:27',NULL,'N','Firefox 4.0 Windows'),(282,NULL,'user.login','Login for user with email \'kakoozazaidi@gmail.com\' successful','2011-12-05 09:34:19',NULL,'Y','Firefox 4.0 Windows'),(283,NULL,'user.login','Login for user with email \'kakoozazaidi@gmail.com\' successful','2011-12-05 09:47:08',NULL,'Y','Firefox 4.0 Windows'),(284,NULL,'user.login','Login for user with email \'balikoowamusa@yahoo.com\' successful','2011-12-05 09:56:18',NULL,'Y','Firefox 6.0 Windows'),(285,NULL,'user.login','Login for user with email \'abuyazedisabirye@yahoo.com\' successful','2011-12-05 11:46:22',NULL,'Y','Firefox 3.6.24 Windows'),(286,NULL,'user.login','Login for user with email \'abuyazedisabirye@yahoo.com\' successful','2011-12-05 11:48:01',NULL,'Y','Firefox 3.6.24 Windows'),(287,NULL,'user.login','Login for user with email \'mayombwejackson@gmail.com\' successful','2011-12-05 12:05:14',NULL,'Y','Firefox 4.0b11 Windows'),(288,NULL,'user.login','Login for user with email \'mayombwejackson@gmail.com\' successful','2011-12-05 12:15:08',NULL,'Y','Firefox 4.0b11 Windows'),(289,NULL,'user.login','Login for user with email \'kaonesaregina@yahoo.com\' failed. Invalid username or password','2011-12-05 12:18:25',NULL,'N','Firefox 5.0.1 Windows'),(290,NULL,'user.login','Login for user with email \'kabonesaregina@yahoo.com\' successful','2011-12-05 12:18:58',NULL,'Y','Firefox 5.0.1 Windows'),(291,NULL,'user.login','Login for user with email \'kabonesaregina@yahoo.com\' successful','2011-12-05 12:19:13',NULL,'Y','Firefox 5.0.1 Windows'),(292,NULL,'user.login','Login for user with email \'developer@infoma.com\' successful','2011-12-05 13:28:44',NULL,'Y','Firefox 7.0.1 Windows'),(293,NULL,'user.login','Login for user with email \'ocharobenjmin@yahoo.com\' successful','2011-12-05 14:16:57',NULL,'Y','Firefox 3.5.2 Windows'),(294,NULL,'user.login','Login for user with email \'mmackarious@yahoo.com\' successful','2011-12-05 14:22:01',NULL,'Y','Firefox 4.0.1 Windows'),(295,NULL,'user.login','Login for user with email \'amitsa@fituganda.com\' successful','2011-12-05 14:49:35',NULL,'Y','Chrome 15.0.874.121 Windows'),(296,NULL,'user.login','Login for user with email \'amitsa@fituganda.com\' successful','2011-12-05 14:55:32',NULL,'Y','Internet Explorer 8.0 Windows'),(297,NULL,'user.login','Login for user with email \'ugandaruraldevelopmentinitiative@yahoo.com\' successful','2011-12-05 15:41:19',NULL,'Y','Firefox 3.6.10 Windows'),(298,NULL,'user.login','Login for user with email \'basazash@yahoo.co.uk\' successful','2011-12-05 18:36:32',NULL,'Y','Firefox 8.0.1 Windows'),(299,NULL,'user.login','Login for user with email \'bukenya_h@yahoo.com\' successful','2011-12-06 08:14:52',NULL,'Y','Internet Explorer 8.0 Windows'),(300,NULL,'user.login','Login for user with email \'bukenya_h@yahoo.com\' successful','2011-12-06 08:31:57',NULL,'Y','Internet Explorer 8.0 Windows'),(301,NULL,'user.login','Login for user with email \'walubogodfrey@yahoo.com\' successful','2011-12-06 09:00:41',NULL,'Y','Firefox 8.0 Windows'),(302,NULL,'user.login','Login for user with email \'bukenya_h@yahoo.com\' successful','2011-12-06 09:08:39',NULL,'Y','Internet Explorer 8.0 Windows'),(303,NULL,'user.login','Login for user with email \'bukenya_h@yahoo.com\' successful','2011-12-06 09:12:40',NULL,'Y','Internet Explorer 8.0 Windows'),(304,NULL,'user.login','Login for user with email \'bukenya_h@yahoo.com\' successful','2011-12-06 09:34:39',NULL,'Y','Internet Explorer 8.0 Windows'),(305,NULL,'user.login','Login for user with email \'k.patricia@fituganda.com\' successful','2011-12-06 09:35:21',NULL,'Y','Firefox 8.0.1 Windows'),(306,NULL,'user.login','Login for user with email \'ronnlytrust@yahoo.com\' successful','2011-12-06 10:16:08',NULL,'Y','Firefox 5.0 Windows'),(307,NULL,'user.login','Login for user with email \'charlesodeke@yahoo.com\' successful','2011-12-06 10:34:51',NULL,'Y','Firefox 8.0 Windows'),(308,NULL,'user.login','Login for user with email \'bukenya_h@yahoo.com\' successful','2011-12-06 10:43:07',NULL,'Y','Internet Explorer 8.0 Windows'),(309,NULL,'user.login','Login for user with email \'bukenya_h@yahoo.com\' successful','2011-12-06 10:46:52',NULL,'Y','Internet Explorer 8.0 Windows'),(310,NULL,'user.login','Login for user with email \'achadri@yahoo.com\' successful','2011-12-06 19:17:04',NULL,'Y','Internet Explorer 6.0 Windows'),(311,NULL,'user.login','Login for user with email \'k.patricia@fituganda.com\' successful','2011-12-07 07:39:07',NULL,'Y','Firefox 8.0.1 Windows'),(312,NULL,'user.login','Login for user with email \'naomenassazi@gmail.com\' successful','2011-12-07 08:53:59',NULL,'Y','Firefox 4.0.1 Windows'),(313,NULL,'user.login','Login for user with email \'walubogodfrey@yahoo.com\' successful','2011-12-07 09:31:29',NULL,'Y','Firefox 8.0 Windows'),(314,NULL,'user.login','Login for user with email \'walugeo@gmail.com\' successful','2011-12-07 09:51:47',NULL,'Y','Firefox 8.0 Windows'),(315,NULL,'user.login','Login for user with email \'abuyazedisabirye@yahoo.com\' successful','2011-12-07 09:56:05',NULL,'Y','Firefox 3.6.24 Windows'),(316,NULL,'user.login','Login for user with email \'balikoowamusa@yahoo.com\' successful','2011-12-07 10:12:08',NULL,'Y','Firefox 6.0 Windows'),(317,NULL,'user.login','Login for user with email \'jbrowning@fituganda.com\' successful','2011-12-07 10:23:05',NULL,'Y','Chrome 15.0.874.106 Windows'),(318,NULL,'user.login','Login for user with email \'paul@fituganda.com\' successful','2011-12-07 10:29:05',NULL,'Y','Chrome 15.0.874.106 Windows'),(319,NULL,'user.login','Login for user with email \'mayombwejackson@gmail.com\' successful','2011-12-07 11:14:37',NULL,'Y','Firefox 4.0b11 Windows'),(320,NULL,'user.login','Login for user with email \'mayombwejackson@gmail.com\' successful','2011-12-07 11:19:30',NULL,'Y','Firefox 4.0b11 Windows'),(321,NULL,'user.login','Login for user with email \'mayombwejackson@gmail.com\' successful','2011-12-07 11:52:00',NULL,'Y','Firefox 5.0.1 Windows'),(322,NULL,'user.login','Login for user with email \'rebeccah@yahoo.com\' successful','2011-12-07 12:28:03',NULL,'Y','Firefox 4.0.1 Windows'),(323,NULL,'user.login','Login for user with email \'jbrowning@fituganda.com\' successful','2011-12-07 14:15:04',NULL,'Y','Internet Explorer 9.0 Windows'),(324,NULL,'user.login','Login for user with email \'ocharobenjmin@yahoo.com\' successful','2011-12-07 14:16:23',NULL,'Y','Firefox 3.5.2 Windows'),(325,NULL,'user.login','Login for user with email \'mmackarious@yahoo.com\' successful','2011-12-07 14:33:01',NULL,'Y','Firefox 8.0.1 Windows'),(326,NULL,'user.login','Login for user with email \'ronnlytrust@yahoo.com\' successful','2011-12-07 14:38:47',NULL,'Y','Firefox 8.0.1 Windows'),(327,NULL,'user.login','Login for user with email \'mayobwejackson@gmail.com\' failed. Invalid username or password','2011-12-07 14:45:42',NULL,'N','Firefox 8.0.1 Windows'),(328,NULL,'user.login','Login for user with email \'achadri@yahoo.com\' successful','2011-12-07 14:46:04',NULL,'Y','Firefox 8.0.1 Windows'),(329,NULL,'user.login','Login for user with email \'kakoozazaidi@gmail.com\' successful','2011-12-07 14:48:30',NULL,'Y','Firefox 4.0 Windows'),(330,NULL,'user.login','Login for user with email \'kakoozazaidi@gmail.com\' successful','2011-12-07 14:49:19',NULL,'Y','Firefox 4.0 Windows'),(331,NULL,'user.login','Login for user with email \'btadeo@fituganda.com\' successful','2011-12-07 14:53:14',NULL,'Y','Internet Explorer 9.0 Windows'),(332,NULL,'user.login','Login for user with email \'k.patricia@fituganda.com\' successful','2011-12-07 14:59:11',NULL,'Y','Firefox 8.0.1 Windows'),(333,NULL,'user.login','Login for user with email \'o.jacob@fituganda.com\' successful','2011-12-07 16:07:58',NULL,'Y','Firefox 8.0.1 Windows'),(334,NULL,'user.login','Login for user with email \'btadeo@fituganda.com\' successful','2011-12-07 16:19:34',NULL,'Y','Chrome 15.0.874.106 Windows'),(335,NULL,'user.login','Login for user with email \'jbrowning@fituganda.com\' successful','2011-12-07 16:22:02',NULL,'Y','Firefox 8.0.1 Windows'),(336,NULL,'user.login','Login for user with email \'btadeo@fituganda.com\' successful','2011-12-07 16:22:46',NULL,'Y','Internet Explorer 9.0 Windows'),(337,NULL,'user.login','Login for user with email \'jbrowning@fituganda.com\' successful','2011-12-07 16:23:59',NULL,'Y','Internet Explorer 9.0 Windows'),(338,NULL,'user.login','Login for user with email \'paul@fituganda.com\' successful','2011-12-07 16:24:58',NULL,'Y','Chrome 15.0.874.106 Windows'),(339,NULL,'user.login','Login for user with email \'btadeo@fituganda.com\' successful','2011-12-07 16:26:49',NULL,'Y','Chrome 15.0.874.106 Windows'),(340,NULL,'user.login','Login for user with email \'amitsa@fituganda.com\' successful','2011-12-07 16:26:50',NULL,'Y','Firefox 8.0.1 Windows'),(341,NULL,'user.login','Login for user with email \'paul@fituganda.com\' successful','2011-12-07 16:27:06',NULL,'Y','Internet Explorer 9.0 Windows'),(342,NULL,'user.login','Login for user with email \'jbrowning@fituganda.com\' successful','2011-12-07 16:29:50',NULL,'Y','Firefox 7.0.1 Windows'),(343,NULL,'user.login','Login for user with email \'developer@infoma.com\' successful','2011-12-07 16:50:48',NULL,'Y','Chrome 16.0.912.59 Windows'),(344,NULL,'user.login','Login for user with email \'paul@fituganda.com\' successful','2011-12-07 17:08:21',NULL,'Y','Chrome 15.0.874.106 Windows'),(345,NULL,'user.login','Login for user with email \'mmackarious@yahoo.com\' successful','2011-12-07 19:00:34',NULL,'Y','Firefox 3.5 Windows'),(346,NULL,'user.login','Login for user with email \'k.patricia@fituganda.com\' successful','2011-12-08 08:28:32',NULL,'Y','Firefox 8.0.1 Windows'),(347,NULL,'user.login','Login for user with email \'charlesodeke@yahoo.com\' successful','2011-12-08 09:29:11',NULL,'Y','Opera 9.80 Windows'),(348,NULL,'user.login','Login for user with email \'tadeombasiima@yahoo.com\' failed. Invalid username or password','2011-12-08 10:41:02',NULL,'N','Firefox 8.0 Windows'),(349,NULL,'user.login','Login for user with email \'tadeombasiima@yahoo.com\' successful','2011-12-08 10:41:39',NULL,'Y','Firefox 8.0 Windows'),(350,NULL,'user.login','Login for user with email \'paul@fituganda.com\' successful','2011-12-08 11:28:30',NULL,'Y','Chrome 15.0.874.106 Windows'),(351,NULL,'user.login','Login for user with email \'woodec@usgs.gov\' successful','2011-12-08 11:32:37',NULL,'Y','Chrome 15.0.874.106 Windows'),(352,NULL,'user.login','Login for user with email \'mukwanarichard@gmail.com\' successful','2011-12-08 13:25:52',NULL,'Y','Opera 9.80 Windows'),(353,NULL,'user.login','Login for user with email \'paul@fituganda.com\' successful','2011-12-08 14:28:48',NULL,'Y','Chrome 15.0.874.121 Windows'),(354,NULL,'user.login','Login for user with email \'mukwanarichard@gmail.com\' successful','2011-12-08 14:59:32',NULL,'Y','Opera 9.80 Windows'),(355,NULL,'user.login','Login for user with email \'paul@fituganda.com\' successful','2011-12-08 15:46:45',NULL,'Y','Chrome 15.0.874.121 Windows'),(356,NULL,'user.login','Login for user with email \'basazash@yahoo.co.uk\' successful','2011-12-08 16:05:28',NULL,'Y','Firefox 8.0.1 Windows'),(357,NULL,'user.login','Login for user with email \'ugandaruraldevelopmentinitiative@yahoo.com\' successful','2011-12-08 17:09:46',NULL,'Y','Firefox 3.6.10 Windows'),(358,NULL,'user.login','Login for user with email \'achadri@yahoo.com\' successful','2011-12-08 17:47:57',NULL,'Y','Internet Explorer 7.0 Windows'),(359,NULL,'user.login','Login for user with email \'kemd3130@yahoo.com\' failed. Invalid username or password','2011-12-09 07:51:09',NULL,'N','Firefox 3.6.24 Windows'),(360,NULL,'user.login','Login for user with email \'kemd3130@yahoo.com\' successful','2011-12-09 07:51:41',NULL,'Y','Firefox 3.6.24 Windows'),(361,NULL,'user.login','Login for user with email \'k.patricia@fituganda.com\' successful','2011-12-09 08:05:56',NULL,'Y','Firefox 8.0.1 Windows'),(362,NULL,'user.login','Login for user with email \'henrybwire83@yahoo.com\' successful','2011-12-09 08:24:21',NULL,'Y','Firefox 6.0 Windows'),(363,NULL,'user.login','Login for user with email \'henrybwire83@yahoo.com\' successful','2011-12-09 09:16:17',NULL,'Y','Firefox 8.0.1 Windows'),(364,NULL,'user.login','Login for user with email \'k.patricia@fituganda.com\' successful','2011-12-09 09:50:45',NULL,'Y','Firefox 8.0.1 Windows'),(365,NULL,'user.login','Login for user with email \'k.patricia@fituganda.com\' successful','2011-12-09 10:56:23',NULL,'Y','Firefox 8.0.1 Windows'),(366,NULL,'user.login','Login for user with email \'k.patricia@fituganda.com\' successful','2011-12-09 10:57:33',NULL,'Y','Firefox 8.0.1 Windows'),(367,NULL,'user.login','Login for user with email \'ronnlytrust@yahoo.com\' successful','2011-12-09 14:43:44',NULL,'Y','Firefox 5.0 Windows'),(368,NULL,'user.login','Login for user with email \'walubogodfrey@yahoo.com\' successful','2011-12-10 09:12:11',NULL,'Y','Internet Explorer 8.0 Windows'),(369,NULL,'user.login','Login for user with email \'walugeo@gmail.com\' successful','2011-12-10 09:32:16',NULL,'Y','Internet Explorer 8.0 Windows'),(370,NULL,'user.login','Login for user with email \'mukwanarichard@gmail.com\' successful','2011-12-10 09:51:01',NULL,'Y','Firefox 3.6.24 Windows'),(371,NULL,'user.login','Login for user with email \'walugeo@gmail.com\' successful','2011-12-10 10:02:55',NULL,'Y','Internet Explorer 8.0 Windows'),(372,NULL,'user.login','Login for user with email \'kabonesaregina@yahoo.com\' successful','2011-12-10 10:43:31',NULL,'Y','Opera 9.80 Windows'),(373,NULL,'user.login','Login for user with email \'namenassazi@gmail.com\' failed. Invalid username or password','2011-12-10 10:57:41',NULL,'N','Firefox 3.6.24 Windows'),(374,NULL,'user.login','Login for user with email \'naomenassazi@gmail.com\' successful','2011-12-10 10:58:26',NULL,'Y','Firefox 3.6.24 Windows'),(375,NULL,'user.login','Login for user with email \'abuyazedisabirye@yahoo.com\' successful','2011-12-10 13:44:58',NULL,'Y','Internet Explorer 8.0 Windows'),(376,NULL,'user.login','Login for user with email \'ocharobenjmin@yahoo.com\' failed. Invalid username or password','2011-12-10 14:59:31',NULL,'N','Firefox 3.6.3 Windows'),(377,NULL,'user.login','Login for user with email \'ocharobenjmin@yahoo.com\' successful','2011-12-10 15:00:33',NULL,'Y','Firefox 3.6.3 Windows'),(378,NULL,'user.login','Login for user with email \'basazash@yahoo.co.uk\' successful','2011-12-10 17:55:43',NULL,'Y','Firefox 8.0.1 Windows'),(379,NULL,'user.login','Login for user with email \'balikoowamusa@yahoo.com\' successful','2011-12-10 20:35:55',NULL,'Y','Internet Explorer 8.0 Windows'),(380,NULL,'user.login','Login for user with email \'balikoowamusa@yahoo.com\' successful','2011-12-10 20:36:00',NULL,'Y','Internet Explorer 8.0 Windows'),(381,NULL,'user.login','Login for user with email \'balikoowamusa@yahoo.com\' successful','2011-12-10 20:42:29',NULL,'Y','Internet Explorer 8.0 Windows'),(382,NULL,'user.login','Login for user with email \'achadri@yahoo.com\' successful','2011-12-11 09:06:54',NULL,'Y','Internet Explorer 7.0 Windows'),(383,NULL,'user.login','Login for user with email \'tadeombasiima@yahoo.com\' successful','2011-12-11 11:24:57',NULL,'Y','Internet Explorer 8.0 Windows'),(384,NULL,'user.login','Login for user with email \'mayombwwejackson@gmail.com\' failed. Invalid username or password','2011-12-11 16:00:18',NULL,'N','Firefox 7.0.1 Windows'),(385,NULL,'user.login','Login for user with email \'mayombwejackson@gmail.com\' successful','2011-12-11 16:00:41',NULL,'Y','Firefox 7.0.1 Windows'),(386,NULL,'user.login','Login for user with email \'mukwanarichard@gmail.com\' successful','2011-12-12 08:32:29',NULL,'Y','Firefox 3.6.10 Windows'),(387,NULL,'user.login','Login for user with email \'balikoowamusa@yahoo.com\' successful','2011-12-12 09:23:04',NULL,'Y','Internet Explorer 8.0 Windows'),(388,NULL,'user.login','Login for user with email \'kabonesaregina@yahoo.com\' successful','2011-12-12 10:30:36',NULL,'Y','Firefox 3.6.24 Windows'),(389,NULL,'user.login','Login for user with email \'abuyazedisabirye@yahoo.com\' successful','2011-12-12 10:50:49',NULL,'Y','Firefox 3.6.24 Windows'),(390,NULL,'user.login','Login for user with email \'abuyazedisabirye@yahoo.com\' successful','2011-12-12 10:50:59',NULL,'Y','Firefox 3.6.24 Windows'),(391,NULL,'user.login','Login for user with email \'k.patricia@fituganda.com\' successful','2011-12-12 11:11:22',NULL,'Y','Firefox 8.0.1 Windows'),(392,NULL,'user.login','Login for user with email \'kakoozazaidi@gmail.com\' successful','2011-12-12 11:15:52',NULL,'Y','Firefox 4.0 Windows'),(393,NULL,'user.login','Login for user with email \'mmackarious@yahoo.com\' successful','2011-12-12 11:22:18',NULL,'Y','Firefox 7.0 Windows'),(394,NULL,'user.login','Login for user with email \'kakoozazaidi@gmail.com\' successful','2011-12-12 11:36:44',NULL,'Y','Firefox 4.0 Windows'),(395,NULL,'user.login','Login for user with email \'mayombwejackson@gmail.com\' successful','2011-12-12 11:57:09',NULL,'Y','Firefox 4.0b11 Windows'),(396,NULL,'user.login','Login for user with email \'mayombwejackson@gmail.com\' successful','2011-12-12 12:01:43',NULL,'Y','Firefox 4.0b11 Windows'),(397,NULL,'user.login','Login for user with email \'mayombwejackson@gmail.com\' successful','2011-12-12 12:07:43',NULL,'Y','Firefox 4.0b11 Windows'),(398,NULL,'user.login','Login for user with email \'naomenassazi@gmail.com\' successful','2011-12-12 12:24:18',NULL,'Y','Firefox 3.6.24 Windows'),(399,NULL,'user.login','Login for user with email \'naomenassazi@gmail.com\' successful','2011-12-12 12:24:23',NULL,'Y','Firefox 3.6.24 Windows'),(400,NULL,'user.login','Login for user with email \'naomenassazi@gmail.com\' successful','2011-12-12 12:24:28',NULL,'Y','Firefox 3.6.24 Windows'),(401,NULL,'user.login','Login for user with email \'naomenassazi@gmail.com\' successful','2011-12-12 12:24:34',NULL,'Y','Firefox 3.6.24 Windows'),(402,NULL,'user.login','Login for user with email \'naomenassazi@gmail.com\' successful','2011-12-12 12:24:56',NULL,'Y','Firefox 3.6.24 Windows'),(403,NULL,'user.login','Login for user with email \'charlesodeke@yahoo.com\' successful','2011-12-12 12:32:57',NULL,'Y','Opera 9.80 Windows'),(404,NULL,'user.login','Login for user with email \'k.patricia@fituganda.com\' successful','2011-12-12 13:21:34',NULL,'Y','Firefox 8.0.1 Windows'),(405,NULL,'user.login','Login for user with email \'ronnlytrust@yahoo.com\' successful','2011-12-12 13:34:50',NULL,'Y','Firefox 5.0 Windows'),(406,NULL,'user.login','Login for user with email \'ugandaruraldevelopmentinitiative@yahoo.com\' successful','2011-12-12 15:47:58',NULL,'Y','Firefox 3.6.10 Windows'),(407,NULL,'user.login','Login for user with email \'ocharobenjmin@yahoo.com\' successful','2011-12-12 17:52:51',NULL,'Y','Firefox 3.5.2 Windows'),(408,NULL,'user.login','Login for user with email \'walubogodrey@yahoo.com\' failed. Invalid username or password','2011-12-13 09:51:46',NULL,'N','Firefox 8.0 Windows'),(409,NULL,'user.login','Login for user with email \'walubogodfrey@yahoo.com\' successful','2011-12-13 09:52:35',NULL,'Y','Firefox 8.0 Windows'),(410,NULL,'user.login','Login for user with email \'walugeo@gmail.com\' successful','2011-12-13 10:12:29',NULL,'Y','Firefox 8.0 Windows'),(411,NULL,'user.login','Login for user with email \'paul@fituganda.com\' successful','2011-12-13 10:40:31',NULL,'Y','Chrome 15.0.874.106 Windows'),(412,NULL,'user.login','Login for user with email \'kabonesaregina@yahoo.com\' successful','2011-12-13 12:45:26',NULL,'Y','Firefox 3.6.24 Windows'),(413,NULL,'user.login','Login for user with email \'basazash@yahoo.co.uk\' successful','2011-12-13 14:36:45',NULL,'Y','Firefox 8.0.1 Windows'),(414,NULL,'user.login','Login for user with email \'tadeombasiima@yahoo.com\' successful','2011-12-13 15:42:06',NULL,'Y','Firefox 8.0.1 Windows'),(415,NULL,'user.login','Login for user with email \'tadeombasiima@yahoo.com\' successful','2011-12-14 08:32:02',NULL,'Y','Firefox 8.0.1 Windows'),(416,NULL,'user.login','Login for user with email \'balikoowamusa@yahoo.com\' successful','2011-12-14 10:45:02',NULL,'Y','Firefox 7.0.1 Windows'),(417,NULL,'user.login','Login for user with email \'walubogodfrey@yahoo.com\' successful','2011-12-14 11:03:28',NULL,'Y','Firefox 8.0 Windows'),(418,NULL,'user.login','Login for user with email \'walugeo@gmail.com\' successful','2011-12-14 11:21:13',NULL,'Y','Firefox 8.0 Windows'),(419,NULL,'user.login','Login for user with email \'mmackarious@yahoo.com\' successful','2011-12-14 11:23:51',NULL,'Y','Firefox 7.0 Windows'),(420,NULL,'user.login','Login for user with email \'kemd3130@yahoo.com\' successful','2011-12-14 11:47:23',NULL,'Y','Firefox 3.6.24 Windows'),(421,NULL,'user.login','Login for user with email \'mmackarious@yahoo.com\' successful','2011-12-14 11:58:48',NULL,'Y','Firefox 7.0 Windows'),(422,NULL,'user.login','Login for user with email \'kemd3130@yahoo.com\' successful','2011-12-14 13:30:33',NULL,'Y','Firefox 3.6.24 Windows'),(423,NULL,'user.login','Login for user with email \'abuyazedisabirye@yahoo.com\' successful','2011-12-14 13:51:27',NULL,'Y','Firefox 3.6.24 Windows'),(424,NULL,'user.login','Login for user with email \'abuyazedisabirye@yahoo.com\' successful','2011-12-14 13:51:32',NULL,'Y','Firefox 3.6.24 Windows'),(425,NULL,'user.login','Login for user with email \'abuyazedisabirye@yahoo.com\' successful','2011-12-14 13:55:37',NULL,'Y','Firefox 3.6.24 Windows'),(426,NULL,'user.login','Login for user with email \'mukwanarichard@gmail.com\' failed. Invalid username or password','2011-12-14 14:04:20',NULL,'N','Firefox 3.6.24 Windows'),(427,NULL,'user.login','Login for user with email \'mukwanarichard@gmail.com\' successful','2011-12-14 14:04:39',NULL,'Y','Firefox 3.6.24 Windows'),(428,NULL,'user.login','Login for user with email \'paul@fituganda.com\' successful','2011-12-14 14:16:45',NULL,'Y','Chrome 15.0.874.121 Windows'),(429,NULL,'user.login','Login for user with email \'ocharobenjmin@yahoo.com\' successful','2011-12-14 14:39:53',NULL,'Y','Firefox 3.5.2 Windows'),(430,NULL,'user.login','Login for user with email \'ronnlytrust@yahoo.com\' successful','2011-12-14 15:07:25',NULL,'Y','Firefox 5.0 Windows'),(431,NULL,'user.login','Login for user with email \'ronnlytrust@yahoo.com\' successful','2011-12-14 15:33:20',NULL,'Y','Firefox 5.0 Windows'),(432,NULL,'user.login','Login for user with email \'k.patricia@fituganda.com\' successful','2011-12-15 08:45:31',NULL,'Y','Firefox 8.0.1 Windows'),(433,NULL,'user.login','Login for user with email \'charlesodeke@yahoo.com\' successful','2011-12-15 09:11:01',NULL,'Y','Opera 9.80 Windows'),(434,NULL,'user.login','Login for user with email \'henrybwire83@yahoo.com\' successful','2011-12-15 09:35:17',NULL,'Y','Firefox 6.0 Windows'),(435,NULL,'user.login','Login for user with email \'paul@fituganda.com\' successful','2011-12-15 09:47:48',NULL,'Y','Chrome 15.0.874.106 Windows'),(436,NULL,'user.login','Login for user with email \'kakoozazaidi@gmail.com\' successful','2011-12-15 10:11:29',NULL,'Y','Internet Explorer 6.0 Windows'),(437,NULL,'user.login','Login for user with email \'naomenassazi@gmail.com\' successful','2011-12-15 11:08:47',NULL,'Y','Firefox 3.6.24 Windows'),(438,NULL,'user.login','Login for user with email \'naomenassazi@gmail.com\' successful','2011-12-15 11:43:39',NULL,'Y','Firefox 3.6.24 Windows'),(439,NULL,'user.login','Login for user with email \'ronnlytrust@yahoo.com\' successful','2011-12-15 12:23:24',NULL,'Y','Firefox 5.0 Windows'),(440,NULL,'user.login','Login for user with email \'ugandaruraldevelopmentinitiative@yahoo.com\' successful','2011-12-15 14:30:03',NULL,'Y','Firefox 3.6.10 Windows'),(441,NULL,'user.login','Login for user with email \'k.patricia@fituganda.com\' successful','2011-12-15 15:20:07',NULL,'Y','Firefox 8.0.1 Windows'),(442,NULL,'user.login','Login for user with email \'k.patricia@fituganda.com\' successful','2011-12-15 15:32:47',NULL,'Y','Firefox 8.0.1 Windows'),(443,NULL,'user.login','Login for user with email \'basazash@yahoo.co.uk\' successful','2011-12-15 18:39:03',NULL,'Y','Firefox 8.0.1 Windows'),(444,NULL,'user.login','Login for user with email \'k.patricia@fituganda.com\' successful','2011-12-16 08:33:29',NULL,'Y','Firefox 8.0.1 Windows'),(445,NULL,'user.login','Login for user with email \'ronnlytrust@yahoo.com\' successful','2011-12-16 10:04:20',NULL,'Y','Firefox 5.0 Windows'),(446,NULL,'user.login','Login for user with email \'mayombwejackson@gmail.com\' successful','2011-12-16 10:25:34',NULL,'Y','Firefox 4.0b11 Windows'),(447,NULL,'user.login','Login for user with email \'mayombwejackson@gmail.com\' successful','2011-12-16 10:29:21',NULL,'Y','Firefox 4.0b11 Windows'),(448,NULL,'user.login','Login for user with email \'ronnlytrust@yahoo.com\' failed. Invalid username or password','2011-12-16 11:48:22',NULL,'N','Firefox 8.0.1 Windows'),(449,NULL,'user.login','Login for user with email \'ronnlytrust@yahoo.com\' failed. Invalid username or password','2011-12-16 11:48:35',NULL,'N','Firefox 8.0.1 Windows'),(450,NULL,'user.login','Login for user with email \'ronnlytrust@yahoo.com\' successful','2011-12-16 11:48:52',NULL,'Y','Firefox 8.0.1 Windows'),(451,NULL,'user.login','Login for user with email \'achadri@yahoo.com\' successful','2011-12-16 14:28:48',NULL,'Y','Internet Explorer 7.0 Windows'),(452,NULL,'user.login','Login for user with email \'ronnlytrust@yahoo.com\' successful','2011-12-16 17:04:36',NULL,'Y','Firefox 8.0.1 Windows'),(453,NULL,'user.login','Login for user with email \'rebeccah@yahoo.com\' successful','2011-12-17 09:19:49',NULL,'Y','Firefox 4.0.1 Windows'),(454,NULL,'user.login','Login for user with email \'balikoowamusa@yahoo.com\' successful','2011-12-17 10:38:23',NULL,'Y','Firefox 6.0 Windows'),(455,NULL,'user.login','Login for user with email \'naomenassazi@gmail.com\' successful','2011-12-17 10:55:30',NULL,'Y','Firefox 3.6.24 Windows'),(456,NULL,'user.login','Login for user with email \'ocharobenjmin@yahoo.com\' successful','2011-12-17 12:57:02',NULL,'Y','Firefox 3.5.2 Windows'),(457,NULL,'user.login','Login for user with email \'mukwanarichard@gmail.com\' successful','2011-12-17 14:05:55',NULL,'Y','Firefox 3.6.24 Windows'),(458,NULL,'user.login','Login for user with email \'mukwanarichard@gmail.com\' successful','2011-12-17 14:05:58',NULL,'Y','Firefox 3.6.24 Windows'),(459,NULL,'user.login','Login for user with email \'abuyazedisabirye@yahoo.com\' successful','2011-12-17 14:40:12',NULL,'Y','Firefox 3.6.24 Windows'),(460,NULL,'user.login','Login for user with email \'basazash@yahoo.co.uk\' successful','2011-12-17 18:29:13',NULL,'Y','Firefox 8.0.1 Windows'),(461,NULL,'user.login','Login for user with email \'tadeombasiima@yahoo.com\' successful','2011-12-17 18:40:58',NULL,'Y','Firefox 8.0.1 Windows'),(462,NULL,'user.login','Login for user with email \'k.patricia@fituganda.com\' successful','2011-12-19 07:58:56',NULL,'Y','Firefox 8.0.1 Windows'),(463,NULL,'user.login','Login for user with email \'walubogodfrey@yahoo.com\' successful','2011-12-19 10:11:48',NULL,'Y','Firefox 8.0.1 Windows'),(464,NULL,'user.login','Login for user with email \'kabonesaregina@yahoo.com\' successful','2011-12-19 10:45:17',NULL,'Y','Firefox 8.0.1 Windows'),(465,NULL,'user.login','Login for user with email \'mayombwejackson@gmail.com\' successful','2011-12-19 11:12:06',NULL,'Y','Firefox 4.0b11 Windows'),(466,NULL,'user.login','Login for user with email \'mayombwejackson@gmail.com\' successful','2011-12-19 11:15:12',NULL,'Y','Firefox 4.0b11 Windows'),(467,NULL,'user.login','Login for user with email \'k.patricia@fituganda.com\' successful','2011-12-19 11:47:58',NULL,'Y','Firefox 8.0.1 Windows'),(468,NULL,'user.login','Login for user with email \'naomenassazi@gmail.com\' successful','2011-12-19 12:18:39',NULL,'Y','Firefox 3.6.24 Windows'),(469,NULL,'user.login','Login for user with email \'kakoozazaidi@GMAIL.COM\' failed. Invalid username or password','2011-12-19 12:20:57',NULL,'N','Firefox 4.0 Windows'),(470,NULL,'user.login','Login for user with email \'naomenassazi@gmail.com\' successful','2011-12-19 12:21:22',NULL,'Y','Firefox 3.6.24 Windows'),(471,NULL,'user.login','Login for user with email \'kakoozazaidi@gmail.com\' successful','2011-12-19 12:22:13',NULL,'Y','Firefox 4.0 Windows'),(472,NULL,'user.login','Login for user with email \'kakoozazaidi@gmail.com\' failed. Invalid username or password','2011-12-19 12:22:40',NULL,'N','Firefox 4.0 Windows'),(473,NULL,'user.login','Login for user with email \'kakoozazaidi@gmail.com\' successful','2011-12-19 12:23:53',NULL,'Y','Firefox 4.0 Windows'),(474,NULL,'user.login','Login for user with email \'kabonesaregina@yahoo.com\' successful','2011-12-19 13:12:02',NULL,'Y','Firefox 8.0.1 Windows'),(475,NULL,'user.login','Login for user with email \'paul@fituganda.com\' successful','2011-12-19 13:18:38',NULL,'Y','Chrome 15.0.874.106 Windows'),(476,NULL,'user.login','Login for user with email \'paul@fituganda.com\' successful','2011-12-19 13:19:18',NULL,'Y','Chrome 15.0.874.106 Windows'),(477,NULL,'user.login','Login for user with email \'ocharobenjmin@yahoo.com\' successful','2011-12-19 13:28:44',NULL,'Y','Firefox 3.5.2 Windows'),(478,NULL,'user.login','Login for user with email \'paul@fituganda.com\' successful','2011-12-19 13:31:58',NULL,'Y','Chrome 15.0.874.106 Windows'),(479,NULL,'user.login','Login for user with email \'charlesodeke@yahoo.com\' successful','2011-12-19 13:50:57',NULL,'Y','Opera 9.80 Windows'),(480,NULL,'user.login','Login for user with email \'abuyazedisabirye@yahoo.com\' failed. Invalid username or password','2011-12-19 14:02:27',NULL,'N','Internet Explorer 8.0 Windows'),(481,NULL,'user.login','Login for user with email \'abuyazedisabirye@yahoo.com\' successful','2011-12-19 14:02:58',NULL,'Y','Internet Explorer 8.0 Windows'),(482,NULL,'user.login','Login for user with email \'abuyazedisabirye@yahoo.com\' successful','2011-12-19 15:47:54',NULL,'Y','Firefox 3.6.24 Windows'),(483,NULL,'user.login','Login for user with email \'abuyazedisabirye@yahoo.com\' successful','2011-12-19 15:48:08',NULL,'Y','Firefox 3.6.24 Windows'),(484,NULL,'user.login','Login for user with email \'abuyazedisabirye@yahoo.com\' successful','2011-12-19 16:20:58',NULL,'Y','Internet Explorer 8.0 Windows'),(485,NULL,'user.login','Login for user with email \'abuyazedisabirye@yahoo.com\' successful','2011-12-19 16:23:59',NULL,'Y','Internet Explorer 8.0 Windows'),(486,NULL,'user.login','Login for user with email \'charlesodeke@yahoo.com\' successful','2011-12-19 16:35:18',NULL,'Y','Opera 9.80 Windows'),(487,NULL,'user.login','Login for user with email \'mmackarious@yahoo.com\' successful','2011-12-19 17:31:05',NULL,'Y','Firefox 4.0.1 Windows'),(488,NULL,'user.login','Login for user with email \'mmackarious@yahoo.com\' successful','2011-12-19 17:31:48',NULL,'Y','Firefox 4.0.1 Windows'),(489,NULL,'user.login','Login for user with email \'achadri@yahoo.com\' failed. Invalid username or password','2011-12-21 11:59:11',NULL,'N','Firefox 9.0 Windows'),(490,NULL,'user.login','Login for user with email \'abuyazedisabirye@yahoo.com\' successful','2011-12-21 12:05:28',NULL,'Y','Internet Explorer 8.0 Windows'),(491,NULL,'user.login','Login for user with email \'k.patricia@fituganda.com\' successful','2011-12-21 12:06:11',NULL,'Y','Firefox 8.0.1 Windows'),(492,NULL,'user.login','Login for user with email \'rebeccah@yahoo.com\' successful','2011-12-21 12:08:05',NULL,'Y','Firefox 8.0 Windows'),(493,NULL,'user.login','Login for user with email \'ronnlytrust@yahoo.com\' successful','2011-12-21 12:08:55',NULL,'Y','Firefox 3.6.15 Windows'),(494,NULL,'user.login','Login for user with email \'ugandaruraldevelopmentinitiative@yahoo.com\' successful','2011-12-21 12:12:46',NULL,'Y','Firefox 3.6.10 Windows'),(495,NULL,'user.login','Login for user with email \'ocharobenjmin@yahoo.com\' successful','2011-12-21 12:36:08',NULL,'Y','Firefox 3.5.2 Windows'),(496,NULL,'user.login','Login for user with email \'bukenya_h@yahoo.com\' successful','2011-12-21 12:39:52',NULL,'Y','Firefox 7.0.1 Windows'),(497,NULL,'user.login','Login for user with email \'henrybwire83@yahoo.com\' successful','2011-12-21 13:22:14',NULL,'Y','Firefox 6.0 Windows'),(498,NULL,'user.login','Login for user with email \'kabonesaregina@yahoo.com\' successful','2011-12-21 13:34:44',NULL,'Y','Firefox 8.0.1 Windows'),(499,NULL,'user.login','Login for user with email \'o.jacob@fituganda.com\' failed. Invalid username or password','2011-12-21 13:59:37',NULL,'N','Firefox 8.0.1 Windows'),(500,NULL,'user.login','Login for user with email \'o.jacob@fituganda.com\' successful','2011-12-21 14:00:09',NULL,'Y','Firefox 8.0.1 Windows'),(501,NULL,'user.login','Login for user with email \'jbrowning@veritracker.com\' failed. Invalid username or password','2011-12-21 14:04:25',NULL,'N','Firefox 8.0.1 Windows'),(502,NULL,'user.login','Login for user with email \'jbrowning@fituganda.com\' successful','2011-12-21 14:17:21',NULL,'Y','Firefox 8.0.1 Windows'),(503,NULL,'user.login','Login for user with email \'k.patricia@fituganda.com\' successful','2011-12-21 14:19:34',NULL,'Y','Firefox 8.0.1 Windows'),(504,NULL,'user.login','Login for user with email \'ronnlytrust@yahoo.com\' successful','2011-12-21 16:28:29',NULL,'Y','Firefox 5.0 Windows'),(505,NULL,'user.login','Login for user with email \'kakoozazaidi@gmail.com\' successful','2011-12-21 16:51:42',NULL,'Y','Firefox 3.5.2 Windows'),(506,NULL,'user.login','Login for user with email \'mmackarious@yahoo.com\' successful','2011-12-21 18:12:57',NULL,'Y','Firefox 4.0.1 Windows'),(507,NULL,'user.login','Login for user with email \'balikoowamusa@yahoo.com\' successful','2011-12-21 18:23:51',NULL,'Y','Firefox 5.0.1 Windows'),(508,NULL,'user.login','Login for user with email \'tadeombasiima@yahoo.com\' successful','2011-12-21 18:24:21',NULL,'Y','Firefox 8.0.1 Windows'),(509,NULL,'user.login','Login for user with email \'balikoowamusa@yahoo.com\' successful','2011-12-21 19:35:03',NULL,'Y','Firefox 6.0 Windows'),(510,NULL,'user.login','Login for user with email \'balikoowamusa@yahoo.com\' successful','2011-12-21 20:18:08',NULL,'Y','Firefox 6.0 Windows'),(511,NULL,'user.login','Login for user with email \'walubogodfrey@yahoo.com\' successful','2011-12-22 07:35:40',NULL,'Y','Firefox 3.5 Windows'),(512,NULL,'user.login','Login for user with email \'mukwanarichard@gmail.com\' successful','2011-12-22 08:18:40',NULL,'Y','Firefox 3.6.10 Windows'),(513,NULL,'user.login','Login for user with email \'walugeo@gmail.com\' successful','2011-12-22 08:30:20',NULL,'Y','Firefox 3.5 Windows'),(514,NULL,'user.login','Login for user with email \'walugeo@gmail.com\' successful','2011-12-22 09:32:27',NULL,'Y','Firefox 3.5 Windows'),(515,NULL,'user.login','Login for user with email \'k.patricia@fituganda.com\' successful','2011-12-22 09:35:16',NULL,'Y','Firefox 8.0.1 Windows'),(516,NULL,'user.login','Login for user with email \'naomenassazi@gmail.com\' successful','2011-12-22 10:51:56',NULL,'Y','Firefox 3.6.24 Windows'),(517,NULL,'user.login','Login for user with email \'ronnlytrust@yahoo.com\' successful','2011-12-22 12:19:23',NULL,'Y','Firefox 5.0 Windows'),(518,NULL,'user.login','Login for user with email \'ronnlytrust@yahoo.com\' successful','2011-12-22 12:56:23',NULL,'Y','Firefox 8.0.1 Windows'),(519,NULL,'user.login','Login for user with email \'basazash@yahoo.co.uk\' successful','2011-12-22 16:16:15',NULL,'Y','Firefox 8.0.1 Windows'),(520,NULL,'user.login','Login for user with email \'k.patricia@fituganda.com\' successful','2011-12-22 16:19:50',NULL,'Y','Firefox 8.0.1 Windows'),(521,NULL,'user.login','Login for user with email \'basazash@yahoo.co.uk\' successful','2011-12-22 16:42:35',NULL,'Y','Firefox 8.0.1 Windows'),(522,NULL,'user.login','Login for user with email \'achadri@yahoo.com\' successful','2011-12-22 20:09:25',NULL,'Y','Internet Explorer 6.0 Windows'),(523,NULL,'user.login','Login for user with email \'achadri@yahoo.com\' successful','2011-12-22 20:17:56',NULL,'Y','Internet Explorer 8.0 Windows'),(524,NULL,'user.login','Login for user with email \'charlesodeke@yahoo.com\' successful','2011-12-23 09:50:13',NULL,'Y','Opera 9.80 Windows'),(525,NULL,'user.login','Login for user with email \'ronnlytust@yahoo.com\' failed. Invalid username or password','2011-12-23 13:05:41',NULL,'N','Firefox 8.0 Windows'),(526,NULL,'user.login','Login for user with email \'ronnlytust@yahoo.com\' failed. Invalid username or password','2011-12-23 13:07:32',NULL,'N','Firefox 8.0 Windows'),(527,NULL,'user.login','Login for user with email \'ronnlytust@yahoo.com\' failed. Invalid username or password','2011-12-23 13:08:43',NULL,'N','Firefox 8.0 Windows'),(528,NULL,'user.login','Login for user with email \'ronnlytrust@yahoo.com\' successful','2011-12-23 14:05:06',NULL,'Y','Firefox 8.0 Windows'),(529,NULL,'user.login','Login for user with email \'kabonesaregina@yahoo.com\' successful','2011-12-23 17:23:00',NULL,'Y','Firefox 8.0.1 Windows'),(530,NULL,'user.login','Login for user with email \'balikoowamusa@yahoo.com\' successful','2011-12-24 08:24:06',NULL,'Y','Firefox 6.0 Windows'),(531,NULL,'user.login','Login for user with email \'abuyazedisabirye@yahoo.com\' successful','2011-12-24 09:16:33',NULL,'Y','Firefox 3.6.25 Windows'),(532,NULL,'user.login','Login for user with email \'ronnlytrust@yahoo.com\' successful','2011-12-24 11:05:12',NULL,'Y','Firefox 8.0.1 Windows'),(533,NULL,'user.login','Login for user with email \'naomenassazi@gmail.com\' successful','2011-12-24 11:14:26',NULL,'Y','Firefox 3.6.24 Windows'),(534,NULL,'user.login','Login for user with email \'ronnlytrust@yahoo.com\' successful','2011-12-24 11:52:30',NULL,'Y','Firefox 8.0.1 Windows'),(535,NULL,'user.login','Login for user with email \'kabonesaregina@yahoo.com\' successful','2011-12-24 12:29:13',NULL,'Y','Firefox 8.0.1 Windows'),(536,NULL,'user.login','Login for user with email \'basazash@yahoo.co.uk\' successful','2011-12-24 12:29:16',NULL,'Y','Firefox 8.0.1 Windows'),(537,NULL,'user.login','Login for user with email \'ocharobenjmin@yahoo.com\' successful','2011-12-24 12:36:32',NULL,'Y','Firefox 3.5.2 Windows'),(538,NULL,'user.login','Login for user with email \'ronnlytrust@yahoo.com\' successful','2011-12-24 12:41:43',NULL,'Y','Firefox 8.0.1 Windows'),(539,NULL,'user.login','Login for user with email \'ocharobenjmin@yahoo.com\' successful','2011-12-24 13:19:44',NULL,'Y','Firefox 3.5.2 Windows'),(540,NULL,'user.login','Login for user with email \'rebeccah@yahoo.com\' failed. Invalid username or password','2011-12-24 14:22:22',NULL,'N','Firefox 3.6.25 Windows'),(541,NULL,'user.login','Login for user with email \'rebeccah@yahoo.com\' successful','2011-12-24 14:22:59',NULL,'Y','Firefox 3.6.25 Windows'),(542,NULL,'user.login','Login for user with email \'abdallahmalik58@yahoo.com\' failed. Invalid username or password','2011-12-24 14:26:59',NULL,'N','Firefox 8.0.1 Windows'),(543,NULL,'user.login','Login for user with email \'mukwanarichard@gmail.com\' successful','2011-12-24 18:01:14',NULL,'Y','Firefox 3.6.25 Windows'),(544,NULL,'user.login','Login for user with email \'walubogodfrey@yahoo.com\' successful','2011-12-26 08:56:54',NULL,'Y','Firefox 4.0 Windows'),(545,NULL,'user.login','Login for user with email \'walugeo@gmail.com\' successful','2011-12-26 09:47:48',NULL,'Y','Firefox 4.0 Windows'),(546,NULL,'user.login','Login for user with email \'balikoowamusa@yahoo.com\' successful','2011-12-26 10:42:19',NULL,'Y','Firefox 5.0.1 Windows'),(547,NULL,'user.login','Login for user with email \'walubogodrey@yahoo.com\' failed. Invalid username or password','2011-12-26 10:42:52',NULL,'N','Firefox 4.0 Windows'),(548,NULL,'user.login','Login for user with email \'walubogodfrey@yahoo.com\' successful','2011-12-26 10:43:27',NULL,'Y','Firefox 4.0 Windows'),(549,NULL,'user.login','Login for user with email \'walugeo@gmail.com\' successful','2011-12-26 10:51:32',NULL,'Y','Firefox 4.0 Windows'),(550,NULL,'user.login','Login for user with email \'abuyazedisabirye@yahoo.com\' successful','2011-12-26 11:11:13',NULL,'Y','Firefox 3.6.25 Windows'),(551,NULL,'user.login','Login for user with email \'abuyazedisabirye@yahoo.com\' successful','2011-12-26 11:21:43',NULL,'Y','Firefox 3.6.25 Windows'),(552,NULL,'user.login','Login for user with email \'kakoozazaidi@gmail.com\' successful','2011-12-26 13:30:41',NULL,'Y','Firefox 3.6.19 Windows'),(553,NULL,'user.login','Login for user with email \'kabonesaregina@yahoo.com\' successful','2011-12-26 13:37:45',NULL,'Y','Firefox 8.0.1 Windows'),(554,NULL,'user.login','Login for user with email \'ocharobenjmin@yahoo.com\' successful','2011-12-26 15:09:13',NULL,'Y','Firefox 3.5.2 Windows'),(555,NULL,'user.login','Login for user with email \'ugandaruraldevelopmentinitiative@yahoo.com\' successful','2011-12-26 15:27:40',NULL,'Y','Firefox 3.6.10 Windows'),(556,NULL,'user.login','Login for user with email \'bukenya_h@yahoo.com\' successful','2011-12-26 17:39:33',NULL,'Y','Internet Explorer 8.0 Windows'),(557,NULL,'user.login','Login for user with email \'mukwanarichard@gmail.com\' successful','2011-12-26 18:04:30',NULL,'Y','Firefox 3.6.25 Windows'),(558,NULL,'user.login','Login for user with email \'abuyazedisabirye@yahoo.com\' successful','2011-12-28 10:14:02',NULL,'Y','Firefox 8.0.1 Windows'),(559,NULL,'user.login','Login for user with email \'henrybwire83@yahoo.com\' successful','2011-12-28 11:32:35',NULL,'Y','Firefox 6.0 Windows'),(560,NULL,'user.login','Login for user with email \'kabonesaregina@yahoo.com\' successful','2011-12-28 11:45:10',NULL,'Y','Firefox 8.0.1 Windows'),(561,NULL,'user.login','Login for user with email \'achadri@yahoo.com\' successful','2011-12-28 11:49:17',NULL,'Y','Internet Explorer 8.0 Windows'),(562,NULL,'user.login','Login for user with email \'walubogodfrey@yahoo.com\' successful','2011-12-28 12:04:47',NULL,'Y','Firefox 4.0 Windows'),(563,NULL,'user.login','Login for user with email \'walugeo@gmail.com\' successful','2011-12-28 12:29:17',NULL,'Y','Firefox 4.0 Windows'),(564,NULL,'user.login','Login for user with email \'walubogodfrey@yahoo.com\' successful','2011-12-28 12:52:35',NULL,'Y','Firefox 4.0 Windows'),(565,NULL,'user.login','Login for user with email \'ocharobenjmin@yahoo.com\' successful','2011-12-28 13:16:02',NULL,'Y','Firefox 4.0b9 Windows'),(566,NULL,'user.login','Login for user with email \'mayombwejackson@gmail.com\' successful','2011-12-28 14:17:10',NULL,'Y','Internet Explorer 6.0 Windows'),(567,NULL,'user.login','Login for user with email \'mayombwejackson@gmail.com\' successful','2011-12-28 14:20:44',NULL,'Y','Firefox 4.0b11 Windows'),(568,NULL,'user.login','Login for user with email \'balikoowamusa@yahoo.com\' successful','2011-12-28 15:06:11',NULL,'Y','Firefox 6.0 Windows'),(569,NULL,'user.login','Login for user with email \'ronnlytrust@yahoo.com\' successful','2011-12-28 16:41:23',NULL,'Y','Firefox 5.0 Windows'),(570,NULL,'user.login','Login for user with email \'ocharobenjmin@yahoo.com\' successful','2011-12-28 16:53:28',NULL,'Y','Internet Explorer 8.0 Windows'),(571,NULL,'user.login','Login for user with email \'mmackarious@yahoo.com\' successful','2011-12-28 17:03:01',NULL,'Y','Firefox 7.0 Windows'),(572,NULL,'user.login','Login for user with email \'ronnlytrust@yahoo.com\' successful','2011-12-28 17:20:33',NULL,'Y','Firefox 5.0 Windows'),(573,NULL,'user.login','Login for user with email \'charlesodeke@yahoo.com\' successful','2011-12-29 09:46:02',NULL,'Y','Opera 9.80 Windows'),(574,NULL,'user.login','Login for user with email \'naomenassazi@gmail.com\' successful','2011-12-29 10:39:39',NULL,'Y','Firefox 3.6.25 Windows'),(575,NULL,'user.login','Login for user with email \'ronnlytrust@yahoo.com\' successful','2011-12-29 16:28:51',NULL,'Y','Firefox 5.0 Windows'),(576,NULL,'user.login','Login for user with email \'basazash@yahoo.co.uk\' successful','2011-12-29 17:26:58',NULL,'Y','Firefox 3.0.19 Windows'),