-- MySQL dump 10.11
--
-- Host: localhost    Database: mis
-- ------------------------------------------------------
-- Server version	5.0.84-log

/*!40101 SET @OLD_CHARACTER_SET_CLIENT=@@CHARACTER_SET_CLIENT */;
/*!40101 SET @OLD_CHARACTER_SET_RESULTS=@@CHARACTER_SET_RESULTS */;
/*!40101 SET @OLD_COLLATION_CONNECTION=@@COLLATION_CONNECTION */;
/*!40101 SET NAMES utf8 */;
/*!40103 SET @OLD_TIME_ZONE=@@TIME_ZONE */;
/*!40103 SET TIME_ZONE='+00:00' */;
/*!40014 SET @OLD_UNIQUE_CHECKS=@@UNIQUE_CHECKS, UNIQUE_CHECKS=0 */;
/*!40014 SET @OLD_FOREIGN_KEY_CHECKS=@@FOREIGN_KEY_CHECKS, FOREIGN_KEY_CHECKS=0 */;
/*!40101 SET @OLD_SQL_MODE=@@SQL_MODE, SQL_MODE='NO_AUTO_VALUE_ON_ZERO' */;
/*!40111 SET @OLD_SQL_NOTES=@@SQL_NOTES, SQL_NOTES=0 */;

--
-- Table structure for table `aclgroup`
--

DROP TABLE IF EXISTS `aclgroup`;
/*!40101 SET @saved_cs_client     = @@character_set_client */;
/*!40101 SET character_set_client = utf8 */;
CREATE TABLE `aclgroup` (
  `id` int(11) unsigned NOT NULL auto_increment,
  `name` varchar(50) NOT NULL,
  `description` varchar(255) NOT NULL,
  `datecreated` datetime NOT NULL,
  `createdby` int(11) unsigned NOT NULL,
  `lastupdatedate` datetime default NULL,
  `lastupdatedby` int(11) unsigned default NULL,
  PRIMARY KEY  (`id`),
  UNIQUE KEY `unique_name` (`name`),
  KEY `fk_group_createdby` (`createdby`),
  KEY `fk_group_lastupdatedby` (`lastupdatedby`),
  CONSTRAINT `fk_group_createdby` FOREIGN KEY (`createdby`) REFERENCES `useraccount` (`id`) ON DELETE CASCADE ON UPDATE CASCADE,
  CONSTRAINT `fk_group_lastupdatedby` FOREIGN KEY (`lastupdatedby`) REFERENCES `useraccount` (`id`) ON DELETE CASCADE ON UPDATE CASCADE
) ENGINE=InnoDB AUTO_INCREMENT=10 DEFAULT CHARSET=utf8;
/*!40101 SET character_set_client = @saved_cs_client */;

--
-- Dumping data for table `aclgroup`
--

LOCK TABLES `aclgroup` WRITE;
/*!40000 ALTER TABLE `aclgroup` DISABLE KEYS */;
INSERT INTO `aclgroup` (`id`, `name`, `description`, `datecreated`, `createdby`, `lastupdatedate`, `lastupdatedby`) VALUES (1,'Administrator','Has rights to system configuration','2011-01-01 12:00:00',1,'2011-11-28 15:35:40',2),(2,'Data Entry Clerk','Performs data entry transactions','2011-01-01 12:00:00',1,'2012-02-17 12:31:39',27),(3,'AMIA','Updates commodity prices for outlets located in their areas','2011-03-30 17:04:56',1,'2011-11-16 12:33:31',2),(4,'Management','Views Data and generates reports','2011-03-30 17:09:03',1,'2011-11-28 15:37:00',2),(5,'LAMIS','Submits prices for an organisation','2011-10-12 09:49:51',1,'2011-11-30 11:17:06',2),(6,'WFP','WFP User submits volumes and quantities for commodities','2011-10-12 09:49:51',1,NULL,NULL),(7,'AMITSA','AMITSA User submits agricultural inputs','2011-10-12 09:49:51',1,'2011-11-28 15:13:27',2),(8,'Subscriber','users who want read only access to AGMIS reports but cannot submit any information ','2011-10-17 17:31:26',1,NULL,NULL),(9,'NOGAMU','Data Entry of Organic Prices','2012-01-25 09:42:52',27,NULL,NULL);
/*!40000 ALTER TABLE `aclgroup` ENABLE KEYS */;
UNLOCK TABLES;

--
-- Table structure for table `aclpermission`
--

DROP TABLE IF EXISTS `aclpermission`;
/*!40101 SET @saved_cs_client     = @@character_set_client */;
/*!40101 SET character_set_client = utf8 */;
CREATE TABLE `aclpermission` (
  `id` int(11) unsigned NOT NULL auto_increment,
  `groupid` int(11) unsigned default NULL,
  `resourceid` int(11) unsigned NOT NULL,
  `create` enum('1','0') NOT NULL default '0',
  `edit` enum('1','0') NOT NULL default '0',
  `view` enum('1','0') NOT NULL default '0',
  `list` enum('1','0') NOT NULL default '0',
  `delete` enum('1','0') NOT NULL default '0',
  `export` enum('1','0') NOT NULL default '0',
  `approve` enum('1','0') NOT NULL default '0',
  `datecreated` datetime NOT NULL,
  `createdby` int(11) unsigned NOT NULL,
  `lastupdatedate` datetime default NULL,
  `lastupdatedby` int(11) unsigned default NULL,
  PRIMARY KEY  (`id`),
  KEY `fk_aclpermission_groupid` (`groupid`),
  KEY `fk_aclpermission_resourceid` (`resourceid`),
  KEY `fk_permission_createdby` (`createdby`),
  KEY `fk_permission_lastupdatedby` (`lastupdatedby`),
  CONSTRAINT `fk_aclpermission_groupid` FOREIGN KEY (`groupid`) REFERENCES `aclgroup` (`id`) ON DELETE CASCADE ON UPDATE CASCADE,
  CONSTRAINT `fk_aclpermission_resourceid` FOREIGN KEY (`resourceid`) REFERENCES `aclresource` (`id`) ON DELETE CASCADE ON UPDATE CASCADE,
  CONSTRAINT `fk_permission_createdby` FOREIGN KEY (`createdby`) REFERENCES `useraccount` (`id`) ON DELETE CASCADE ON UPDATE CASCADE,
  CONSTRAINT `fk_permission_lastupdatedby` FOREIGN KEY (`lastupdatedby`) REFERENCES `useraccount` (`id`) ON DELETE CASCADE ON UPDATE CASCADE
) ENGINE=InnoDB AUTO_INCREMENT=315 DEFAULT CHARSET=utf8;
/*!40101 SET character_set_client = @saved_cs_client */;

--
-- Dumping data for table `aclpermission`
--

LOCK TABLES `aclpermission` WRITE;
/*!40000 ALTER TABLE `aclpermission` DISABLE KEYS */;
INSERT INTO `aclpermission` (`id`, `groupid`, `resourceid`, `create`, `edit`, `view`, `list`, `delete`, `export`, `approve`, `datecreated`, `createdby`, `lastupdatedate`, `lastupdatedby`) VALUES (1,1,1,'0','0','1','1','0','1','0','2011-11-28 15:35:40',2,NULL,2),(2,1,2,'1','1','1','1','1','1','0','2011-11-28 15:35:40',2,NULL,2),(3,1,3,'1','1','1','1','1','1','0','2011-11-28 15:35:40',2,NULL,2),(4,1,4,'0','0','1','1','0','1','0','2011-11-28 15:35:40',2,NULL,2),(5,1,5,'1','1','1','1','1','1','0','2011-11-28 15:35:40',2,NULL,2),(6,2,1,'0','0','0','0','0','0','0','2012-02-17 12:31:39',27,NULL,27),(7,2,2,'0','0','0','0','0','0','0','2012-02-17 12:31:39',27,NULL,27),(8,2,3,'0','1','1','1','0','0','0','2012-02-17 12:31:39',27,NULL,27),(9,2,4,'0','0','0','0','0','0','0','2012-02-17 12:31:39',27,NULL,27),(10,2,5,'0','0','0','0','0','0','0','2012-02-17 12:31:39',27,NULL,27),(11,1,6,'0','0','1','0','0','0','0','2011-11-28 15:35:40',2,NULL,2),(12,2,6,'0','0','1','0','0','0','0','2012-02-17 12:31:39',27,NULL,27),(13,1,7,'1','1','1','1','0','0','0','2011-11-28 15:35:40',2,NULL,2),(14,2,8,'0','1','1','1','0','0','0','2012-02-17 12:31:39',27,NULL,27),(15,2,9,'0','1','1','1','0','0','0','2012-02-17 12:31:39',27,NULL,27),(16,2,10,'0','1','1','1','1','0','0','2012-02-17 12:31:39',27,NULL,27),(17,2,11,'0','1','1','1','0','0','0','2012-02-17 12:31:39',27,NULL,27),(18,2,12,'0','1','1','1','0','0','0','2012-02-17 12:31:39',27,NULL,27),(19,2,13,'0','1','1','1','0','0','0','2012-02-17 12:31:39',27,NULL,27),(20,1,8,'1','1','1','1','1','1','0','2011-11-28 15:35:40',2,NULL,2),(21,1,9,'1','1','1','1','1','1','0','2011-11-28 15:35:40',2,NULL,2),(22,1,10,'1','1','1','1','1','1','0','2011-11-28 15:35:40',2,NULL,2),(23,1,11,'1','1','1','1','1','1','0','2011-11-28 15:35:40',2,NULL,2),(24,1,12,'1','1','1','1','1','1','0','2011-11-28 15:35:40',2,NULL,2),(25,1,13,'1','1','1','1','1','1','0','2011-11-28 15:35:40',2,NULL,2),(26,1,14,'1','1','1','1','1','1','0','2011-11-28 15:35:40',2,NULL,2),(27,1,15,'1','1','1','1','1','1','0','2011-11-28 15:35:40',2,NULL,2),(28,2,14,'0','1','1','1','1','0','0','2012-02-17 12:31:39',27,NULL,27),(29,2,15,'0','1','1','1','1','0','0','2012-02-17 12:31:39',27,NULL,27),(30,1,16,'1','1','1','1','1','1','0','2011-11-28 15:35:40',2,NULL,2),(31,2,16,'0','1','1','1','1','0','0','2012-02-17 12:31:39',27,NULL,27),(32,1,17,'1','1','1','1','1','1','0','2011-11-28 15:35:40',2,NULL,2),(33,2,17,'0','1','1','1','1','0','0','2012-02-17 12:31:39',27,NULL,27),(34,1,18,'1','1','1','1','1','1','0','2011-11-28 15:35:40',2,NULL,2),(35,2,18,'0','1','1','1','0','0','0','2012-02-17 12:31:39',27,NULL,27),(36,2,7,'0','0','0','0','0','0','0','2012-02-17 12:31:39',27,NULL,27),(37,3,7,'0','0','0','0','0','0','0','2011-11-16 12:33:31',2,NULL,2),(38,3,4,'0','0','0','0','0','0','0','2011-11-16 12:33:31',2,NULL,2),(39,3,16,'0','0','1','1','0','0','0','2011-11-16 12:33:31',2,NULL,2),(40,3,15,'0','0','1','1','0','0','0','2011-11-16 12:33:31',2,NULL,2),(41,3,14,'0','0','1','1','0','0','0','2011-11-16 12:33:31',2,NULL,2),(42,3,17,'0','0','1','1','0','0','0','2011-11-16 12:33:31',2,NULL,2),(43,3,10,'0','0','1','1','0','0','0','2011-11-16 12:33:31',2,NULL,2),(44,3,6,'0','0','1','0','0','0','0','2011-11-16 12:33:31',2,NULL,2),(45,3,9,'0','0','1','1','0','0','0','2011-11-16 12:33:31',2,NULL,2),(46,3,1,'0','0','0','0','0','0','0','2011-11-16 12:33:31',2,NULL,2),(47,3,2,'0','0','0','0','0','0','0','2011-11-16 12:33:31',2,NULL,2),(48,3,12,'0','0','1','1','0','0','0','2011-11-16 12:33:31',2,NULL,2),(49,3,18,'0','0','1','1','0','0','0','2011-11-16 12:33:31',2,NULL,2),(50,3,8,'0','0','1','1','0','0','0','2011-11-16 12:33:31',2,NULL,2),(51,3,5,'0','0','0','0','0','0','0','2011-11-16 12:33:31',2,NULL,2),(52,3,11,'0','0','1','1','0','0','0','2011-11-16 12:33:31',2,NULL,2),(53,3,3,'0','1','1','0','0','0','0','2011-11-16 12:33:31',2,NULL,2),(54,3,13,'0','0','1','1','0','0','0','2011-11-16 12:33:31',2,NULL,2),(55,4,7,'1','1','1','1','0','0','0','2011-11-28 15:37:00',2,NULL,2),(56,4,4,'0','0','1','1','0','1','0','2011-11-28 15:37:00',2,NULL,2),(57,4,16,'1','1','1','1','0','1','0','2011-11-28 15:37:00',2,NULL,2),(58,4,15,'1','1','1','1','0','1','0','2011-11-28 15:37:00',2,NULL,2),(59,4,14,'1','1','1','1','0','1','0','2011-11-28 15:37:00',2,NULL,2),(60,4,17,'1','1','1','1','0','1','0','2011-11-28 15:37:00',2,NULL,2),(61,4,10,'1','1','1','1','0','1','0','2011-11-28 15:37:00',2,NULL,2),(62,4,6,'0','0','1','0','0','0','0','2011-11-28 15:37:00',2,NULL,2),(63,4,9,'1','1','1','1','0','1','0','2011-11-28 15:37:00',2,NULL,2),(64,4,1,'0','0','0','0','0','1','0','2011-11-28 15:37:00',2,NULL,2),(65,4,2,'0','0','0','0','0','1','0','2011-11-28 15:37:00',2,NULL,2),(66,4,12,'1','1','1','1','0','1','0','2011-11-28 15:37:00',2,NULL,2),(67,4,18,'1','1','1','1','0','1','0','2011-11-28 15:37:00',2,NULL,2),(68,4,8,'1','1','1','1','0','1','0','2011-11-28 15:37:00',2,NULL,2),(69,4,5,'1','1','1','1','0','1','0','2011-11-28 15:37:00',2,NULL,2),(70,4,11,'1','1','1','1','0','1','0','2011-11-28 15:37:00',2,NULL,2),(71,4,3,'1','1','1','1','0','1','0','2011-11-28 15:37:00',2,NULL,2),(72,4,13,'1','1','1','1','0','1','0','2011-11-28 15:37:00',2,NULL,2),(73,1,19,'1','1','1','1','1','1','0','2011-11-28 15:35:40',2,NULL,2),(74,2,19,'0','1','1','1','0','0','0','2012-02-17 12:31:39',27,NULL,27),(75,3,19,'1','1','1','1','1','0','0','2011-11-16 12:33:31',2,NULL,2),(76,4,19,'1','1','1','1','1','1','0','2011-11-28 15:37:00',2,NULL,2),(77,1,20,'1','1','1','1','1','1','1','2011-11-28 15:35:40',2,NULL,2),(78,2,20,'1','1','1','1','1','0','0','2012-02-17 12:31:39',27,NULL,27),(79,3,20,'1','1','1','1','1','0','0','2011-11-16 12:33:31',2,NULL,2),(80,4,20,'1','1','1','1','1','1','1','2011-11-28 15:37:00',2,NULL,2),(81,1,21,'0','0','1','0','0','0','0','2011-11-28 15:35:40',2,NULL,2),(82,2,21,'0','0','1','0','0','0','0','2012-02-17 12:31:39',27,NULL,27),(83,3,21,'0','0','1','0','0','0','0','2011-11-16 12:33:31',2,NULL,2),(84,4,21,'0','0','1','0','0','0','0','2011-11-28 15:37:00',2,NULL,2),(85,4,22,'1','1','1','1','0','0','0','2011-11-28 15:37:00',2,NULL,2),(86,1,22,'1','1','1','1','0','0','0','2011-11-28 15:35:40',2,NULL,2),(87,4,23,'1','1','1','1','0','0','0','2011-11-28 15:37:00',2,NULL,2),(88,1,23,'1','1','1','1','0','0','0','2011-11-28 15:35:40',2,NULL,2),(89,1,25,'0','0','1','0','0','0','0','2011-11-28 15:35:40',2,NULL,2),(91,4,25,'0','0','1','0','0','0','0','2011-11-28 15:37:00',2,NULL,2),(92,3,22,'0','0','1','1','0','0','0','2011-11-16 12:33:31',2,NULL,2),(93,3,23,'0','0','1','1','0','0','0','2011-11-16 12:33:31',2,NULL,2),(94,3,25,'0','0','0','0','0','0','0','2011-11-16 12:33:31',2,NULL,2),(95,1,28,'0','1','0','0','0','0','0','2011-11-28 15:35:40',2,NULL,2),(96,1,27,'0','1','0','0','0','0','0','2011-11-28 15:35:40',2,NULL,2),(97,4,28,'0','1','0','0','0','0','0','2011-11-28 15:37:00',2,NULL,2),(98,4,27,'0','1','0','0','0','0','0','2011-11-28 15:37:00',2,NULL,2),(99,1,29,'0','0','1','0','0','0','0','2011-11-28 15:35:40',2,NULL,2),(100,4,29,'0','0','1','0','0','0','0','2011-11-28 15:37:00',2,NULL,2),(101,1,30,'0','0','1','0','0','0','0','2011-11-28 15:35:40',2,NULL,2),(102,4,30,'0','0','1','0','0','0','0','2011-11-28 15:37:00',2,NULL,2),(103,1,31,'0','0','1','0','0','0','0','2011-11-28 15:35:40',2,NULL,2),(104,4,31,'0','0','1','0','0','0','0','2011-11-28 15:37:00',2,NULL,2),(105,2,23,'0','0','1','0','0','0','0','2012-02-17 12:31:39',27,NULL,27),(106,1,32,'1','1','1','1','1','1','1','2011-11-28 15:35:40',2,NULL,2),(107,2,32,'1','1','1','1','0','0','0','2012-02-17 12:31:39',27,NULL,27),(108,3,32,'1','1','1','1','1','0','0','2011-11-16 12:33:31',2,NULL,2),(109,4,32,'1','1','1','1','1','1','1','2011-11-28 15:37:00',2,NULL,2),(110,1,33,'1','1','1','1','1','1','1','2011-11-28 15:35:40',2,NULL,2),(111,2,33,'1','1','1','1','0','0','0','2012-02-17 12:31:39',27,NULL,27),(112,3,33,'1','1','1','1','1','0','0','2011-11-16 12:33:31',2,NULL,2),(113,4,33,'1','1','1','1','1','1','1','2011-11-28 15:37:00',2,NULL,2),(114,1,34,'1','1','1','1','1','1','1','2011-11-28 15:35:40',2,NULL,2),(115,2,34,'0','1','1','1','0','0','0','2012-02-17 12:31:39',27,NULL,27),(116,3,34,'1','1','1','1','1','0','0','2011-11-16 12:33:31',2,NULL,2),(117,4,34,'1','1','1','1','1','1','1','2011-11-28 15:37:00',2,NULL,2),(118,3,31,'0','0','0','0','0','0','0','2011-11-16 12:33:31',2,NULL,2),(119,3,28,'0','0','0','0','0','0','0','2011-11-16 12:33:31',2,NULL,2),(120,3,30,'0','0','0','0','0','0','0','2011-11-16 12:33:31',2,NULL,2),(121,3,27,'0','0','0','0','0','0','0','2011-11-16 12:33:31',2,NULL,2),(122,3,29,'0','0','0','0','0','0','0','2011-11-16 12:33:31',2,NULL,2),(123,2,35,'0','1','1','1','0','1','1','2012-02-17 12:31:39',27,NULL,27),(124,5,36,'0','0','0','0','0','0','0','2011-11-30 11:17:06',2,NULL,2),(125,5,1,'0','0','0','0','0','0','0','2011-11-30 11:17:06',2,NULL,2),(126,5,2,'0','0','0','0','0','0','0','2011-11-30 11:17:06',2,NULL,2),(127,5,3,'0','1','1','0','0','0','0','2011-11-30 11:17:07',2,NULL,2),(128,5,4,'0','0','0','0','0','0','0','2011-11-30 11:17:06',2,NULL,2),(129,5,5,'0','0','0','0','0','0','0','2011-11-30 11:17:06',2,NULL,2),(130,5,6,'0','0','1','0','0','0','0','2011-11-30 11:17:06',2,NULL,2),(131,5,7,'0','0','0','0','0','0','0','2011-11-30 11:17:06',2,NULL,2),(132,5,8,'0','0','1','1','0','0','0','2011-11-30 11:17:06',2,NULL,2),(133,5,9,'0','0','1','1','0','0','0','2011-11-30 11:17:06',2,NULL,2),(134,5,10,'0','0','1','1','0','0','0','2011-11-30 11:17:06',2,NULL,2),(135,5,11,'0','0','1','1','0','0','0','2011-11-30 11:17:06',2,NULL,2),(136,5,12,'0','0','1','1','0','0','0','2011-11-30 11:17:06',2,NULL,2),(137,5,13,'0','0','1','1','0','0','0','2011-11-30 11:17:07',2,NULL,2),(138,5,14,'0','0','1','1','0','0','0','2011-11-30 11:17:06',2,NULL,2),(139,5,15,'0','0','1','1','0','0','0','2011-11-30 11:17:06',2,NULL,2),(140,5,16,'0','0','1','1','0','0','0','2011-11-30 11:17:06',2,NULL,2),(141,5,17,'0','0','1','1','0','0','0','2011-11-30 11:17:06',2,NULL,2),(142,5,18,'0','0','1','1','0','0','0','2011-11-30 11:17:06',2,NULL,2),(143,5,19,'1','1','1','1','1','0','0','2011-11-30 11:17:06',2,NULL,2),(144,5,20,'1','1','1','1','1','0','0','2011-11-30 11:17:06',2,NULL,2),(145,5,21,'0','0','1','0','0','0','0','2011-11-30 11:17:06',2,NULL,2),(146,5,22,'0','0','1','1','0','0','0','2011-11-30 11:17:06',2,NULL,2),(147,5,23,'0','0','1','0','0','0','0','2011-11-30 11:17:06',2,NULL,2),(148,5,25,'0','0','1','0','0','0','0','2011-11-30 11:17:06',2,NULL,2),(149,5,27,'0','0','0','0','0','0','0','2011-11-30 11:17:06',2,NULL,2),(150,5,28,'0','0','0','0','0','0','0','2011-11-30 11:17:06',2,NULL,2),(151,5,29,'0','0','1','0','0','0','0','2011-11-30 11:17:06',2,NULL,2),(152,5,30,'0','0','1','0','0','0','0','2011-11-30 11:17:06',2,NULL,2),(153,5,31,'0','0','1','0','0','0','0','2011-11-30 11:17:06',2,NULL,2),(154,5,32,'0','0','0','0','0','0','0','2011-11-30 11:17:06',2,NULL,2),(155,5,33,'0','0','0','0','0','0','0','2011-11-30 11:17:06',2,NULL,2),(156,5,34,'0','0','0','0','0','0','0','2011-11-30 11:17:06',2,NULL,2),(157,1,36,'0','0','0','0','0','0','0','2011-11-28 15:35:40',2,NULL,2),(158,1,35,'1','1','1','1','1','1','1','2011-11-28 15:35:40',2,NULL,2),(161,4,36,'0','0','1','0','0','0','0','2011-11-28 15:37:00',2,NULL,2),(162,4,35,'1','1','1','1','0','0','0','2011-11-28 15:37:00',2,NULL,2),(163,5,35,'0','0','0','0','0','0','0','2011-11-30 11:17:06',2,NULL,2),(164,2,31,'0','0','0','0','0','0','0','2012-02-17 12:31:39',27,NULL,27),(165,2,28,'0','0','0','0','0','0','0','2012-02-17 12:31:39',27,NULL,27),(166,2,30,'0','0','0','0','0','0','0','2012-02-17 12:31:39',27,NULL,27),(167,2,22,'0','1','1','1','0','0','0','2012-02-17 12:31:39',27,NULL,27),(168,2,27,'0','0','0','0','0','0','0','2012-02-17 12:31:39',27,NULL,27),(169,2,29,'0','0','1','0','0','0','0','2012-02-17 12:31:39',27,NULL,27),(170,2,25,'0','0','0','0','0','0','0','2012-02-17 12:31:39',27,NULL,27),(171,2,36,'0','0','1','0','0','0','0','2012-02-17 12:31:39',27,NULL,27),(172,8,31,'0','0','1','0','0','0','0','2011-10-18 09:10:33',1,NULL,1),(173,8,7,'0','0','0','0','0','0','0','2011-10-18 09:10:33',1,NULL,1),(174,8,28,'0','0','0','0','0','0','0','2011-10-18 09:10:33',1,NULL,1),(175,8,4,'0','0','0','0','0','0','0','2011-10-18 09:10:33',1,NULL,1),(176,8,30,'0','0','1','0','0','0','0','2011-10-18 09:10:33',1,NULL,1),(177,8,16,'0','0','0','0','0','0','0','2011-10-18 09:10:33',1,NULL,1),(178,8,15,'0','0','0','0','0','0','0','2011-10-18 09:10:33',1,NULL,1),(179,8,14,'0','0','0','0','0','0','0','2011-10-18 09:10:33',1,NULL,1),(180,8,22,'0','0','0','0','0','0','0','2011-10-18 09:10:33',1,NULL,1),(181,8,17,'0','0','1','1','0','0','0','2011-10-18 09:10:33',1,NULL,1),(182,8,10,'0','0','0','0','0','0','0','2011-10-18 09:10:33',1,NULL,1),(183,8,6,'0','0','1','0','0','0','0','2011-10-18 09:10:33',1,NULL,1),(184,8,9,'0','0','0','0','0','0','0','2011-10-18 09:10:33',1,NULL,1),(185,8,27,'0','0','0','0','0','0','0','2011-10-18 09:10:33',1,NULL,1),(186,8,32,'0','0','1','1','0','0','0','2011-10-18 09:10:33',1,NULL,1),(187,8,1,'0','0','0','0','0','0','0','2011-10-18 09:10:33',1,NULL,1),(188,8,2,'0','0','0','0','0','0','0','2011-10-18 09:10:33',1,NULL,1),(189,8,20,'0','0','1','1','0','0','0','2011-10-18 09:10:33',1,NULL,1),(190,8,29,'0','0','1','0','0','0','0','2011-10-18 09:10:33',1,NULL,1),(191,8,25,'0','0','1','0','0','0','0','2011-10-18 09:10:33',1,NULL,1),(192,8,36,'0','0','0','0','0','0','0','2011-10-18 09:10:33',1,NULL,1),(193,8,19,'0','0','1','1','0','0','0','2011-10-18 09:10:33',1,NULL,1),(194,8,34,'0','0','1','1','0','0','0','2011-10-18 09:10:33',1,NULL,1),(195,8,35,'0','0','0','0','0','0','0','2011-10-18 09:10:33',1,NULL,1),(196,8,12,'0','0','0','0','0','0','0','2011-10-18 09:10:33',1,NULL,1),(197,8,18,'0','0','0','0','0','0','0','2011-10-18 09:10:33',1,NULL,1),(198,8,23,'0','0','0','0','0','0','0','2011-10-18 09:10:33',1,NULL,1),(199,8,8,'0','0','0','0','0','0','0','2011-10-18 09:10:33',1,NULL,1),(200,8,21,'0','0','1','0','0','0','0','2011-10-18 09:10:33',1,NULL,1),(201,8,33,'0','0','0','0','0','0','0','2011-10-18 09:10:33',1,NULL,1),(202,8,5,'0','0','0','0','0','0','0','2011-10-18 09:10:33',1,NULL,1),(203,8,11,'0','0','0','0','0','0','0','2011-10-18 09:10:33',1,NULL,1),(204,8,3,'0','0','0','0','0','0','0','2011-10-18 09:10:33',1,NULL,1),(205,8,13,'0','0','0','0','0','0','0','2011-10-18 09:10:33',1,NULL,1),(206,1,37,'0','0','1','0','0','0','0','2011-11-28 15:35:40',2,NULL,2),(207,3,37,'0','0','1','0','0','0','0','2011-11-16 12:33:31',2,NULL,2),(208,3,36,'0','0','0','0','0','0','0','2011-11-16 12:33:31',2,NULL,2),(209,3,35,'0','0','0','0','0','0','0','2011-11-16 12:33:31',2,NULL,2),(210,2,37,'0','0','1','0','0','0','0','2012-02-17 12:31:39',27,NULL,27),(211,5,37,'0','0','1','0','0','0','0','2011-11-30 11:17:06',2,NULL,2),(212,4,37,'0','0','1','0','0','0','0','2011-11-28 15:37:00',2,NULL,2),(213,1,38,'0','0','1','0','0','0','0','2011-11-28 15:35:40',2,NULL,2),(214,4,38,'0','0','1','0','0','0','0','2011-11-28 15:37:00',2,NULL,2),(215,2,38,'0','0','0','0','0','0','0','2012-02-17 12:31:39',27,NULL,27),(216,7,31,'0','0','0','0','0','0','0','2011-11-28 15:13:27',2,NULL,2),(217,7,7,'0','0','0','0','0','0','0','2011-11-28 15:13:27',2,NULL,2),(218,7,28,'0','0','0','0','0','0','0','2011-11-28 15:13:27',2,NULL,2),(219,7,4,'0','0','0','0','0','0','0','2011-11-28 15:13:27',2,NULL,2),(220,7,30,'0','0','0','0','0','0','0','2011-11-28 15:13:27',2,NULL,2),(221,7,16,'0','0','1','1','0','0','0','2011-11-28 15:13:27',2,NULL,2),(222,7,15,'0','0','1','1','0','0','0','2011-11-28 15:13:27',2,NULL,2),(223,7,14,'0','0','1','1','0','0','0','2011-11-28 15:13:27',2,NULL,2),(224,7,22,'0','0','1','1','0','0','0','2011-11-28 15:13:27',2,NULL,2),(225,7,17,'0','0','1','1','0','0','0','2011-11-28 15:13:27',2,NULL,2),(226,7,10,'0','0','1','1','0','0','0','2011-11-28 15:13:27',2,NULL,2),(227,7,6,'0','0','1','0','0','0','0','2011-11-28 15:13:27',2,NULL,2),(228,7,37,'0','0','1','0','0','0','0','2011-11-28 15:13:27',2,NULL,2),(229,7,9,'0','0','1','1','0','0','0','2011-11-28 15:13:27',2,NULL,2),(230,7,27,'0','0','0','0','0','0','0','2011-11-28 15:13:27',2,NULL,2),(231,7,32,'0','0','1','1','0','0','0','2011-11-28 15:13:27',2,NULL,2),(232,7,39,'1','1','1','1','1','0','0','2011-11-28 15:13:27',2,NULL,2),(233,7,1,'0','0','0','0','0','0','0','2011-11-28 15:13:27',2,NULL,2),(234,7,2,'0','0','0','0','0','0','0','2011-11-28 15:13:27',2,NULL,2),(235,7,20,'0','0','1','1','0','0','0','2011-11-28 15:13:27',2,NULL,2),(236,7,29,'0','0','0','0','0','0','0','2011-11-28 15:13:27',2,NULL,2),(237,7,38,'0','0','0','0','0','0','0','2011-11-28 15:13:27',2,NULL,2),(238,7,25,'0','0','0','0','0','0','0','2011-11-28 15:13:27',2,NULL,2),(239,7,36,'0','0','0','0','0','0','0','2011-11-28 15:13:27',2,NULL,2),(240,7,19,'1','1','1','1','1','0','0','2011-11-28 15:13:27',2,NULL,2),(241,7,34,'0','0','1','1','0','0','0','2011-11-28 15:13:27',2,NULL,2),(242,7,35,'0','0','0','0','0','0','0','2011-11-28 15:13:27',2,NULL,2),(243,7,12,'0','0','1','1','0','0','0','2011-11-28 15:13:27',2,NULL,2),(244,7,18,'0','0','1','1','0','0','0','2011-11-28 15:13:27',2,NULL,2),(245,7,23,'0','0','1','1','0','0','0','2011-11-28 15:13:27',2,NULL,2),(246,7,8,'0','0','1','1','0','0','0','2011-11-28 15:13:27',2,NULL,2),(247,7,21,'0','0','1','0','0','0','0','2011-11-28 15:13:27',2,NULL,2),(248,7,33,'0','0','1','1','0','0','0','2011-11-28 15:13:27',2,NULL,2),(249,7,5,'0','0','0','0','0','0','0','2011-11-28 15:13:27',2,NULL,2),(250,7,11,'0','0','1','1','0','0','0','2011-11-28 15:13:27',2,NULL,2),(251,7,3,'0','1','1','0','0','0','0','2011-11-28 15:13:27',2,NULL,2),(252,7,13,'0','0','1','1','0','0','0','2011-11-28 15:13:27',2,NULL,2),(253,1,39,'1','1','1','1','1','0','1','2011-11-28 15:35:40',2,NULL,2),(254,2,39,'0','1','1','1','0','0','0','2012-02-17 12:31:39',27,NULL,27),(255,4,39,'1','1','1','1','1','0','1','2011-11-28 15:37:00',2,NULL,2),(256,5,39,'0','0','0','0','0','0','0','2011-11-30 11:17:06',2,NULL,2),(257,5,38,'0','0','0','0','0','0','0','2011-11-30 11:17:06',2,NULL,2),(258,2,40,'0','1','1','1','0','0','0','2012-02-17 12:31:39',27,NULL,27),(259,4,40,'1','1','1','1','1','0','0','2011-12-06 09:29:25',2,NULL,2),(260,1,40,'1','1','1','1','1','0','0','2011-12-06 09:32:50',2,NULL,2),(261,1,41,'0','0','1','0','0','0','0','2011-11-28 15:35:40',2,NULL,2),(262,4,41,'0','0','1','0','0','0','0','2011-11-28 15:35:40',2,NULL,2),(263,1,42,'0','0','1','0','0','0','0','2011-11-28 15:35:40',2,NULL,2),(264,4,42,'0','0','1','0','0','0','0','2011-11-28 15:35:40',2,NULL,2),(265,1,43,'0','0','1','0','0','0','0','2011-11-28 15:35:40',2,NULL,2),(266,4,43,'0','0','1','0','0','0','0','2011-11-28 15:35:40',2,NULL,2),(267,1,44,'0','0','1','0','0','0','0','2011-11-28 15:35:40',2,NULL,2),(268,4,44,'0','0','1','0','0','0','0','2011-11-28 15:35:40',2,NULL,2),(269,9,31,'0','0','0','0','0','0','0','2012-01-25 09:42:52',27,NULL,NULL),(270,9,7,'0','0','0','0','0','0','0','2012-01-25 09:42:52',27,NULL,NULL),(271,9,28,'0','0','0','0','0','0','0','2012-01-25 09:42:52',27,NULL,NULL),(272,9,4,'0','0','0','0','0','0','0','2012-01-25 09:42:52',27,NULL,NULL),(273,9,30,'0','0','0','0','0','0','0','2012-01-25 09:42:52',27,NULL,NULL),(274,9,16,'0','0','0','0','0','0','0','2012-01-25 09:42:52',27,NULL,NULL),(275,9,15,'0','0','1','1','0','0','0','2012-01-25 09:42:52',27,NULL,NULL),(276,9,14,'0','0','1','1','0','0','0','2012-01-25 09:42:52',27,NULL,NULL),(277,9,22,'0','0','1','1','0','0','0','2012-01-25 09:42:52',27,NULL,NULL),(278,9,17,'0','0','1','1','0','0','0','2012-01-25 09:42:52',27,NULL,NULL),(279,9,10,'0','0','1','1','0','0','0','2012-01-25 09:42:52',27,NULL,NULL),(280,9,42,'0','0','0','0','0','0','0','2012-01-25 09:42:52',27,NULL,NULL),(281,9,41,'0','0','0','0','0','0','0','2012-01-25 09:42:52',27,NULL,NULL),(282,9,6,'0','0','1','0','0','0','0','2012-01-25 09:42:52',27,NULL,NULL),(283,9,37,'0','0','1','0','0','0','0','2012-01-25 09:42:52',27,NULL,NULL),(284,9,9,'0','0','1','1','0','0','0','2012-01-25 09:42:52',27,NULL,NULL),(285,9,27,'0','0','0','0','0','0','0','2012-01-25 09:42:52',27,NULL,NULL),(286,9,32,'0','0','1','1','0','0','0','2012-01-25 09:42:52',27,NULL,NULL),(287,9,44,'0','0','0','0','0','0','0','2012-01-25 09:42:52',27,NULL,NULL),(288,9,43,'0','0','0','0','0','0','0','2012-01-25 09:42:52',27,NULL,NULL),(289,9,39,'0','0','1','1','0','0','0','2012-01-25 09:42:52',27,NULL,NULL),(290,9,1,'0','0','0','0','0','0','0','2012-01-25 09:42:52',27,NULL,NULL),(291,9,2,'0','0','0','0','0','0','0','2012-01-25 09:42:52',27,NULL,NULL),(292,9,40,'0','0','0','0','0','0','0','2012-01-25 09:42:52',27,NULL,NULL),(293,9,20,'0','0','1','1','0','0','0','2012-01-25 09:42:52',27,NULL,NULL),(294,9,29,'0','0','0','0','0','0','0','2012-01-25 09:42:52',27,NULL,NULL),(295,9,38,'0','0','0','0','0','0','0','2012-01-25 09:42:52',27,NULL,NULL),(296,9,25,'0','0','0','0','0','0','0','2012-01-25 09:42:52',27,NULL,NULL),(297,9,36,'0','0','0','0','0','0','0','2012-01-25 09:42:52',27,NULL,NULL),(298,9,19,'1','1','1','1','1','0','0','2012-01-25 09:42:52',27,NULL,NULL),(299,9,34,'1','1','1','1','1','0','0','2012-01-25 09:42:52',27,NULL,NULL),(300,9,35,'0','0','0','0','0','0','0','2012-01-25 09:42:52',27,NULL,NULL),(301,9,12,'0','0','1','1','0','0','0','2012-01-25 09:42:52',27,NULL,NULL),(302,9,18,'0','0','1','1','0','0','0','2012-01-25 09:42:52',27,NULL,NULL),(303,9,23,'0','0','1','1','0','0','0','2012-01-25 09:42:52',27,NULL,NULL),(304,9,8,'0','0','1','1','0','0','0','2012-01-25 09:42:52',27,NULL,NULL),(305,9,21,'0','0','1','0','0','0','0','2012-01-25 09:42:52',27,NULL,NULL),(306,9,33,'0','0','1','1','0','0','0','2012-01-25 09:42:52',27,NULL,NULL),(307,9,5,'0','0','0','0','0','0','0','2012-01-25 09:42:52',27,NULL,NULL),(308,9,11,'0','0','1','1','0','0','0','2012-01-25 09:42:52',27,NULL,NULL),(309,9,3,'0','1','1','0','0','0','0','2012-01-25 09:42:52',27,NULL,NULL),(310,9,13,'0','0','1','1','0','0','0','2012-01-25 09:42:52',27,NULL,NULL),(311,2,42,'0','0','0','0','0','0','0','2012-02-17 12:31:39',27,NULL,27),(312,2,41,'0','0','1','0','0','0','0','2012-02-17 12:31:39',27,NULL,27),(313,2,44,'0','0','0','0','0','0','0','2012-02-17 12:31:39',27,NULL,27),(314,2,43,'0','0','0','0','0','0','0','2012-02-17 12:31:39',27,NULL,27);
/*!40000 ALTER TABLE `aclpermission` ENABLE KEYS */;
UNLOCK TABLES;

--
-- Table structure for table `aclresource`
--

DROP TABLE IF EXISTS `aclresource`;
/*!40101 SET @saved_cs_client     = @@character_set_client */;
/*!40101 SET character_set_client = utf8 */;
CREATE TABLE `aclresource` (
  `id` int(11) unsigned NOT NULL auto_increment,
  `name` varchar(50) NOT NULL,
  `description` varchar(255) NOT NULL,
  `create` enum('1','0') NOT NULL default '0',
  `edit` enum('1','0') NOT NULL default '0',
  `view` enum('1','0') NOT NULL default '0',
  `list` enum('1','0') NOT NULL default '0',
  `delete` enum('1','0') NOT NULL default '0',
  `approve` enum('1','0') NOT NULL default '0',
  `export` enum('1','0') NOT NULL default '0',
  `datecreated` datetime NOT NULL,
  `createdby` int(11) unsigned NOT NULL,
  `lastupdatedate` datetime default NULL,
  `lastupdatedby` int(11) unsigned default NULL,
  PRIMARY KEY  (`id`),
  KEY `fk_resource_createdby` (`createdby`),
  KEY `fk_resource_lastupdatedby` (`lastupdatedby`),
  CONSTRAINT `fk_resource_createdby` FOREIGN KEY (`createdby`) REFERENCES `useraccount` (`id`) ON DELETE CASCADE ON UPDATE CASCADE,
  CONSTRAINT `fk_resource_lastupdatedby` FOREIGN KEY (`lastupdatedby`) REFERENCES `useraccount` (`id`) ON DELETE CASCADE ON UPDATE CASCADE
) ENGINE=InnoDB AUTO_INCREMENT=45 DEFAULT CHARSET=utf8;
/*!40101 SET character_set_client = @saved_cs_client */;

--
-- Dumping data for table `aclresource`
--

LOCK TABLES `aclresource` WRITE;
/*!40000 ALTER TABLE `aclresource` DISABLE KEYS */;
INSERT INTO `aclresource` (`id`, `name`, `description`, `create`, `edit`, `view`, `list`, `delete`, `approve`, `export`, `datecreated`, `createdby`, `lastupdatedate`, `lastupdatedby`) VALUES (1,'Lookup Type','Look up types','0','0','1','1','0','0','1','2011-01-01 12:00:00',1,NULL,NULL),(2,'Lookup Value','Values for the lookup type','1','1','1','1','1','0','1','2011-01-01 12:00:00',1,NULL,NULL),(3,'User Account','A user within the application','1','1','1','1','1','0','1','2011-01-01 12:00:00',1,NULL,NULL),(4,'Audit Trail','Log of selected transactions within the application','0','0','1','1','0','0','1','2011-01-01 12:00:00',1,NULL,NULL),(5,'Role','Actions a member can execute on resources','1','1','1','1','1','0','1','2011-01-01 12:00:00',1,NULL,NULL),(6,'Dashboard','user dashboard','0','0','1','0','0','0','0','2011-02-11 13:22:16',1,NULL,NULL),(7,'Application Settings','Application Administration','1','1','1','1','0','0','0','2011-03-28 10:45:42',1,NULL,NULL),(8,'Region','Regions in Uganda','1','1','1','1','1','0','1','2011-03-28 13:37:09',1,NULL,NULL),(9,'District','','1','1','1','1','1','0','1','2011-03-28 13:38:17',1,NULL,NULL),(10,'County','','1','1','1','1','1','0','1','2011-03-28 13:45:46',1,NULL,NULL),(11,'Subcounty','','1','1','1','1','1','0','1','2011-03-28 13:46:01',1,NULL,NULL),(12,'Parish','','1','1','1','1','1','0','1','2011-03-28 13:46:24',1,NULL,NULL),(13,'Village','','1','1','1','1','1','0','1','2011-03-28 13:46:38',1,NULL,NULL),(14,'Commodity Category','Category for classifying commodities','1','1','1','1','1','0','1','2011-03-28 19:38:57',1,NULL,NULL),(15,'Commodity','commodity on which prices are submitted','1','1','1','1','1','0','1','2011-03-28 19:39:26',1,NULL,NULL),(16,'Business Directory Category','category within the business directory','1','1','1','1','1','0','1','2011-03-28 19:39:26',1,NULL,NULL),(17,'Contact','contact person or organization in business directory','1','1','1','1','1','0','1','2011-03-28 19:39:26',1,NULL,NULL),(18,'Price Category','different types of prices that a commodity can have','1','1','1','1','1','0','1','2011-03-28 19:39:26',1,NULL,NULL),(19,'Offer','offers to buy and sell commodities','1','1','1','1','1','0','1','2011-03-28 19:39:26',1,NULL,NULL),(20,'Market Price','Commodity prices from Markets','1','1','1','1','1','1','1','2011-01-01 12:00:00',1,NULL,NULL),(21,'Report','Overview page for the different reports available','0','0','1','0','0','0','0','2011-01-01 12:00:00',1,NULL,NULL),(22,'Commodity Unit','units of measure for the different commodities','1','1','1','1','0','0','0','2011-01-01 12:00:00',1,NULL,NULL),(23,'Price Source','A source of price information','1','1','1','1','0','0','0','2011-01-01 12:00:00',1,NULL,NULL),(25,'Market Prices Report','Market Prices Report','0','0','1','0','0','0','0','2011-04-13 19:07:47',1,NULL,NULL),(27,'Expired Offer','Offer whose expiry date has reached','0','1','0','0','0','0','0','2011-04-26 17:09:22',1,NULL,NULL),(28,'Approved Price','Commodity prices that have been approved','0','1','0','0','0','0','0','2011-04-26 17:10:18',1,NULL,NULL),(29,'Market Price Comparison Report','Graph comparing wholesale and retail commodity prices in different markets over time','0','0','1','0','0','0','0','2011-04-13 19:07:47',1,NULL,NULL),(30,'Average Market Prices Summary Report','Graph shoing average wholesale and retail commodity prices in different markets over time','0','0','1','0','0','0','0','2011-04-13 19:07:47',1,NULL,NULL),(31,'Aggregated Market Prices Detail Report','Report showing min, max, average and S.D for wholesale and retail commodity prices in different markets over time','0','0','1','0','0','0','0','2011-04-13 19:07:47',1,NULL,NULL),(32,'Fuel Price','Fuel prices','1','1','1','1','1','1','1','2011-05-20 12:55:40',1,NULL,NULL),(33,'Retail Price','Retail Prices for commodities','1','1','1','1','1','1','1','2011-05-20 12:57:12',1,NULL,NULL),(34,'Organic Price','Organic Prices for commodities','1','1','1','1','1','1','1','2011-05-20 12:57:12',1,NULL,NULL),(35,'Organisation','','1','1','1','1','1','1','1','2011-10-10 16:30:46',1,NULL,NULL),(36,'Multiple Price Sources','Submission of prices from multiple markets','0','0','1','0','0','0','0','2011-10-12 09:51:23',1,NULL,NULL),(37,'Data Entry','','0','0','1','0','0','0','0','2011-10-23 15:34:39',1,NULL,NULL),(38,'Market Prices Detail Report','','0','0','1','0','0','0','0','2011-10-23 15:34:39',1,NULL,NULL),(39,'Input Price','Input Prices for commodities','1','1','1','1','1','1','1','2011-05-20 12:57:12',1,NULL,NULL),(40,'Market Analysis Report','weekly market analysis report','1','1','1','1','1','0','0','2011-12-06 09:25:37',1,NULL,NULL),(41,'Current Market Prices Report','Report showing the current prices for market commoditites','0','0','1','0','0','0','0','2011-04-13 19:07:47',1,NULL,NULL),(42,'Current Fuel Prices Report','Report showing the current prices for fuel','0','0','1','0','0','0','0','2011-04-13 19:07:47',1,NULL,NULL),(43,'Historical Market Prices Report','Report showing the historical market prices','0','0','1','0','0','0','0','2011-04-13 19:07:47',1,NULL,NULL),(44,'Historical Fuel Prices Report','Report showing the historical fuel prices','0','0','1','0','0','0','0','2011-04-13 19:07:47',1,NULL,NULL);
/*!40000 ALTER TABLE `aclresource` ENABLE KEYS */;
UNLOCK TABLES;

--
-- Table structure for table `aclusergroup`
--

DROP TABLE IF EXISTS `aclusergroup`;
/*!40101 SET @saved_cs_client     = @@character_set_client */;
/*!40101 SET character_set_client = utf8 */;
CREATE TABLE `aclusergroup` (
  `id` int(11) unsigned NOT NULL auto_increment,
  `groupid` int(11) unsigned NOT NULL,
  `userid` int(11) unsigned default NULL,
  PRIMARY KEY  (`id`),
  UNIQUE KEY `unique_group_user` (`groupid`,`userid`),
  KEY `fk_aclusergroup_userid` (`userid`),
  CONSTRAINT `fk_aclusergroup_groupid` FOREIGN KEY (`groupid`) REFERENCES `aclgroup` (`id`) ON DELETE CASCADE ON UPDATE CASCADE,
  CONSTRAINT `fk_aclusergroup_userid` FOREIGN KEY (`userid`) REFERENCES `useraccount` (`id`) ON DELETE CASCADE ON UPDATE CASCADE
) ENGINE=InnoDB AUTO_INCREMENT=82 DEFAULT CHARSET=utf8;
/*!40101 SET character_set_client = @saved_cs_client */;

--
-- Dumping data for table `aclusergroup`
--

LOCK TABLES `aclusergroup` WRITE;
/*!40000 ALTER TABLE `aclusergroup` DISABLE KEYS */;
INSERT INTO `aclusergroup` (`id`, `groupid`, `userid`) VALUES (1,1,1),(2,1,2),(48,1,47),(30,2,30),(32,2,31),(62,2,60),(72,2,70),(5,3,5),(7,3,7),(8,3,8),(9,3,9),(10,3,10),(11,3,11),(12,3,12),(13,3,13),(14,3,14),(15,3,15),(16,3,16),(17,3,17),(18,3,18),(19,3,19),(20,3,20),(21,3,21),(22,3,22),(23,3,23),(24,3,24),(25,3,25),(26,3,26),(35,3,34),(42,3,41),(43,3,42),(44,3,43),(56,3,54),(68,3,66),(70,3,68),(71,3,69),(4,4,4),(27,4,27),(28,4,28),(29,4,29),(74,4,30),(54,4,44),(3,5,3),(45,5,44),(47,5,46),(49,5,48),(50,5,49),(51,5,50),(52,5,51),(53,5,52),(46,7,45),(55,8,53),(57,8,55),(58,8,56),(59,8,57),(61,8,59),(63,8,61),(64,8,62),(65,8,63),(66,8,64),(67,8,65),(69,8,67),(73,8,71),(75,8,72),(76,8,73),(77,8,74),(78,8,75),(79,8,76),(80,8,77),(81,8,78),(60,9,58);
/*!40000 ALTER TABLE `aclusergroup` ENABLE KEYS */;
UNLOCK TABLES;

--
-- Table structure for table `appconfig`
--

DROP TABLE IF EXISTS `appconfig`;
/*!40101 SET @saved_cs_client     = @@character_set_client */;
/*!40101 SET character_set_client = utf8 */;
CREATE TABLE `appconfig` (
  `id` int(11) unsigned NOT NULL auto_increment,
  `section` varchar(50) NOT NULL default '',
  `optionname` varchar(50) NOT NULL,
  `description` varchar(255) NOT NULL,
  `optionvalue` varchar(255) default '',
  `optiontype` varchar(15) default '',
  `active` enum('Y','N') NOT NULL default 'Y',
  `datecreated` datetime NOT NULL,
  `createdby` int(11) unsigned NOT NULL,
  `lastupdatedate` datetime default NULL,
  `lastupdatedby` int(11) unsigned default NULL,
  PRIMARY KEY  (`id`),
  KEY `fk_appconfig_createdby` USING BTREE (`createdby`),
  KEY `fk_appconfig_lastupdatedby` USING BTREE (`lastupdatedby`),
  CONSTRAINT `fk_appconfig_createdby` FOREIGN KEY (`createdby`) REFERENCES `useraccount` (`id`) ON DELETE CASCADE ON UPDATE CASCADE,
  CONSTRAINT `fk_appconfig_lastupdatedby` FOREIGN KEY (`lastupdatedby`) REFERENCES `useraccount` (`id`) ON DELETE CASCADE ON UPDATE CASCADE
) ENGINE=InnoDB AUTO_INCREMENT=41 DEFAULT CHARSET=utf8;
/*!40101 SET character_set_client = @saved_cs_client */;

--
-- Dumping data for table `appconfig`
--

LOCK TABLES `appconfig` WRITE;
/*!40000 ALTER TABLE `appconfig` DISABLE KEYS */;
INSERT INTO `appconfig` (`id`, `section`, `optionname`, `description`, `optionvalue`, `optiontype`, `active`, `datecreated`, `createdby`, `lastupdatedate`, `lastupdatedby`) VALUES (1,'backup','retentionperiod','','30','int','Y','2011-05-18 08:59:47',1,NULL,NULL),(2,'backup','scriptfolder','The path relative to the APPLICATION_PATH variable, use a starting / since the variable is a folder name','/backup/scripts','text','Y','2011-05-18 09:00:12',1,NULL,NULL),(3,'backup','usegzip','Whether to use gzip compression or not, options are yes and no','no','text','Y','2011-05-18 09:49:32',1,NULL,NULL),(4,'backup','removesqlfile','Remove SQL file after processing, options are yes and no','no','text','Y','2011-05-18 09:50:49',1,NULL,NULL),(5,'backup','sendemail','Send backup via email, options are yes and no','no','text','Y','2011-05-18 09:51:20',1,NULL,NULL),(6,'currency','defaultsymbol','','Shs','text','Y','2011-05-18 09:51:50',1,NULL,NULL),(7,'currency','default','','Shs','text','Y','2011-05-18 09:52:09',1,NULL,NULL),(8,'currency','decimalplaces','','0','int','Y','2011-05-18 09:52:35',1,NULL,NULL),(9,'currency','mincurrencyvalue','','50','decimal','Y','2011-05-18 09:53:11',1,NULL,NULL),(10,'currency','maxcurrencyvalue','','10000000','decimal','Y','2011-05-18 09:53:50',1,NULL,NULL),(11,'contact','defaultcontacttype','','1','int','Y','2011-05-18 09:54:16',1,NULL,NULL),(12,'dateandtime','shortformat','','d/m/Y','text','Y','2011-05-18 09:54:47',1,NULL,NULL),(13,'dateandtime','mediumformat','','M j, Y','text','Y','2011-05-18 09:55:09',1,NULL,NULL),(14,'dateandtime','longformat','','l, j F Y','text','Y','2011-05-18 09:55:32',1,NULL,NULL),(15,'dateandtime','mysqlformat','','%d/%m/%Y','text','Y','2011-05-18 09:56:03',1,NULL,NULL),(16,'dateandtime','mysqlmediumformat','','%b %d, %Y','text','Y','2011-05-18 09:56:35',1,NULL,NULL),(17,'dateandtime','mysqldateandtimeformat','','%m/%d/%Y - %H:%i:%s','text','Y','2011-05-18 09:58:56',1,NULL,NULL),(18,'dateandtime','javascriptshortformat','','dd/m/yy','text','Y','2011-05-18 10:49:11',1,NULL,NULL),(20,'dateandtime','javascriptmediumformat','','M dd, yy','text','Y','2011-05-18 10:50:03',1,NULL,NULL),(21,'dateandtime','manyyearsrange','','110','int','Y','2011-05-18 10:51:23',1,NULL,NULL),(22,'dateandtime','reportgenerationtimestamp','','l F d, Y h:i:s A e','text','Y','2011-05-18 10:52:27',1,NULL,NULL),(23,'dateandtime','audittraildatetimeformat','','d/m/y g:i a','text','Y','2011-05-18 10:53:32',1,NULL,NULL),(24,'dateandtime','mindate','The number of years allowed before the current date','7','int','Y','2011-05-18 10:53:51',1,'2012-02-24 15:04:52',27),(25,'dateandtime','maxdate','The number of years allowed ahead','1','int','Y','2011-05-18 10:54:10',1,NULL,NULL),(26,'menu','configfile','Location of the configuration file','../config/menu.xml','text','Y','2011-05-18 11:04:30',1,NULL,NULL),(27,'menu','baselement','The base element for the menu configuration','nav','text','Y','2011-05-18 11:05:01',1,NULL,NULL),(28,'pagination','itemsperpage','','10','int','Y','2011-05-18 11:13:05',1,NULL,NULL),(29,'password','minlength','Minimum password length','6','int','Y','2011-05-18 11:21:43',1,NULL,NULL),(30,'password','maxlength','Maximum length of a password','40','int','Y','2011-05-18 11:33:00',1,NULL,NULL),(31,'password','daystoexpire','Number of days before a password expires','90','int','Y','2011-05-18 11:33:34',1,NULL,NULL),(32,'price','nullamountsymbol','Symbol for null amounts','---','text','Y','2011-05-18 11:34:24',1,NULL,NULL),(33,'backup','databasebackupemail','','1@devmail.infomacorp.com','text','Y','2011-05-18 11:35:04',1,NULL,NULL),(34,'contact','mincontactcategories','','10','int','Y','2011-06-06 12:00:00',1,NULL,NULL),(35,'organisationdistrict','maximumrows','','10','int','Y','2011-10-23 15:34:39',1,NULL,NULL),(37,'logo','allowedformats','Allowed formats for logo','png,jpg,jpeg','text','Y','2011-11-16 16:20:30',1,NULL,NULL),(38,'logo','maximumfilesize','Maximum Allowed logo file size in bytes','2000000','int','Y','2011-11-16 16:21:31',1,NULL,NULL),(39,'marketpriceanalysisreport','minvolume','The minimum volume currently being used','1','int','Y','2011-11-16 16:20:30',1,NULL,NULL),(40,'marketpriceanalysisreport','maxvolume','The maximum volume currently being used','7','int','Y','2011-11-16 16:21:31',1,'2012-01-23 09:20:35',27);
/*!40000 ALTER TABLE `appconfig` ENABLE KEYS */;
UNLOCK TABLES;

--
-- Table structure for table `audittrail`
--

DRO